
> test:unit
> rm -rf .tmp-unit-tests && tsc -p tsconfig.test.json && node scripts/run-unit-tests.mjs

TAP version 13
# Subtest: pending local action과 애니메이션 진행은 정상 대기 상태다
ok 1 - pending local action과 애니메이션 진행은 정상 대기 상태다
  ---
  duration_ms: 1.273368
  type: 'test'
  ...
# Subtest: 차례와 입력 안내 사유도 전체 화면 오류 modal을 열지 않는다
ok 2 - 차례와 입력 안내 사유도 전체 화면 오류 modal을 열지 않는다
  ---
  duration_ms: 0.232248
  type: 'test'
  ...
# Subtest: 실제 failure만 치명적 modal 대상이다
ok 3 - 실제 failure만 치명적 modal 대상이다
  ---
  duration_ms: 0.265325
  type: 'test'
  ...
# Subtest: 방, sequence, turn이 전진하면 남은 오류 modal을 해제한다
ok 4 - 방, sequence, turn이 전진하면 남은 오류 modal을 해제한다
  ---
  duration_ms: 0.245862
  type: 'test'
  ...
# Subtest: 온라인 AI는 더 가치가 높은 같은 시점 아이템을 즉시 교체하고 다음 턴을 재개한다
ok 5 - 온라인 AI는 더 가치가 높은 같은 시점 아이템을 즉시 교체하고 다음 턴을 재개한다
  ---
  duration_ms: 5.244689
  type: 'test'
  ...
# Subtest: 온라인 AI는 더 가치가 낮은 신규 아이템 대신 기존 아이템을 유지하고 다음 턴을 재개한다
ok 6 - 온라인 AI는 더 가치가 낮은 신규 아이템 대신 기존 아이템을 유지하고 다음 턴을 재개한다
  ---
  duration_ms: 0.514171
  type: 'test'
  ...
# Subtest: 사람 플레이어의 같은 시점 아이템 발견은 기존 교체 선택 대기를 유지한다
ok 7 - 사람 플레이어의 같은 시점 아이템 발견은 기존 교체 선택 대기를 유지한다
  ---
  duration_ms: 0.634773
  type: 'test'
  ...
# Subtest: 쉬움 난이도 AI 닉네임은 쉬움 후보군에서만 반환된다
ok 8 - 쉬움 난이도 AI 닉네임은 쉬움 후보군에서만 반환된다
  ---
  duration_ms: 1.338569
  type: 'test'
  ...
# Subtest: 어려움 난이도 AI 닉네임은 어려움 후보군에서만 반환된다
ok 9 - 어려움 난이도 AI 닉네임은 어려움 후보군에서만 반환된다
  ---
  duration_ms: 0.306884
  type: 'test'
  ...
# Subtest: 저장된 AI 객체를 다시 읽는 경로는 기존 닉네임 값을 그대로 사용한다
ok 10 - 저장된 AI 객체를 다시 읽는 경로는 기존 닉네임 값을 그대로 사용한다
  ---
  duration_ms: 0.221433
  type: 'test'
  ...
# Subtest: 같은 난이도 후보가 남아 있으면 이미 사용 중인 AI 닉네임을 피한다
ok 11 - 같은 난이도 후보가 남아 있으면 이미 사용 중인 AI 닉네임을 피한다
  ---
  duration_ms: 0.321218
  type: 'test'
  ...
# Subtest: 후보 수보다 AI 수가 많으면 같은 난이도 후보군 안에서만 중복을 허용한다
ok 12 - 후보 수보다 AI 수가 많으면 같은 난이도 후보군 안에서만 중복을 허용한다
  ---
  duration_ms: 0.260682
  type: 'test'
  ...
# Subtest: 난이도 값이 누락되거나 예상하지 못한 값이어도 기본 어려움 후보군 닉네임을 반환한다
ok 13 - 난이도 값이 누락되거나 예상하지 못한 값이어도 기본 어려움 후보군 닉네임을 반환한다
  ---
  duration_ms: 0.205796
  type: 'test'
  ...
# Subtest: substituted players always use hard AI difficulty
ok 14 - substituted players always use hard AI difficulty
  ---
  duration_ms: 0.73824
  type: 'test'
  ...
# Subtest: AI difficulty badge defaults to hard and includes the difficulty text
ok 15 - AI difficulty badge defaults to hard and includes the difficulty text
  ---
  duration_ms: 0.203203
  type: 'test'
  ...
# Subtest: only the host can manage a normal AI seat difficulty
ok 16 - only the host can manage a normal AI seat difficulty
  ---
  duration_ms: 0.139168
  type: 'test'
  ...
# Subtest: runtime difficulty is kept per AI seat
ok 17 - runtime difficulty is kept per AI seat
  ---
  duration_ms: 0.157739
  type: 'test'
  ...
# Subtest: easy AI roll timing uses 10/20/50/20 boundaries
ok 18 - easy AI roll timing uses 10/20/50/20 boundaries
  ---
  duration_ms: 0.23492
  type: 'test'
  ...
# Subtest: hard AI roll timing uses 30/40/20/10 boundaries
ok 19 - hard AI roll timing uses 30/40/20/10 boundaries
  ---
  duration_ms: 0.995059
  type: 'test'
  ...
# Subtest: legacy no-difficulty call reads the active AI difficulty
ok 20 - legacy no-difficulty call reads the active AI difficulty
  ---
  duration_ms: 0.27513
  type: 'test'
  ...
# Subtest: AI difficulty profiles use the planned lower weights
ok 21 - AI difficulty profiles use the planned lower weights
  ---
  duration_ms: 2.251844
  type: 'test'
  ...
# Subtest: hard AI ignores a move more than 20 points below the best score
ok 22 - hard AI ignores a move more than 20 points below the best score
  ---
  duration_ms: 0.436441
  type: 'test'
  ...
# Subtest: hard AI can select a similarly strong move
ok 23 - hard AI can select a similarly strong move
  ---
  duration_ms: 0.218553
  type: 'test'
  ...
# Subtest: easy AI sometimes selects any legal move
ok 24 - easy AI sometimes selects any legal move
  ---
  duration_ms: 0.256158
  type: 'test'
  ...
# Subtest: easy AI regular selection includes moves within 45 points
ok 25 - easy AI regular selection includes moves within 45 points
  ---
  duration_ms: 0.243089
  type: 'test'
  ...
# Subtest: waiting room AI uses a difficulty-specific nickname without screen prefixes
ok 26 - waiting room AI uses a difficulty-specific nickname without screen prefixes
  ---
  duration_ms: 1.490271
  type: 'test'
  ...
# Subtest: waiting room AI allows duplicates only after every difficulty nickname is used
ok 27 - waiting room AI allows duplicates only after every difficulty nickname is used
  ---
  duration_ms: 0.313215
  type: 'test'
  ...
# Subtest: 다음 AI 턴은 authoritative readyAt과 경계 버퍼까지 기다린다
ok 28 - 다음 AI 턴은 authoritative readyAt과 경계 버퍼까지 기다린다
  ---
  duration_ms: 1.629917
  type: 'test'
  ...
# Subtest: 같은 AI 턴 내부 단계는 기존 1초 생각 시간을 유지한다
ok 29 - 같은 AI 턴 내부 단계는 기존 1초 생각 시간을 유지한다
  ---
  duration_ms: 0.347685
  type: 'test'
  ...
# Subtest: 감소된 10초와 5초 제한시간에서도 readyAt을 deadline에서 역산한다
ok 30 - 감소된 10초와 5초 제한시간에서도 readyAt을 deadline에서 역산한다
  ---
  duration_ms: 2.096575
  type: 'test'
  ...
# Subtest: 아이템과 함정 단계도 실제 10초 또는 5초 제한시간을 사용한다
ok 31 - 아이템과 함정 단계도 실제 10초 또는 5초 제한시간을 사용한다
  ---
  duration_ms: 0.299983
  type: 'test'
  ...
# Subtest: 게임 밖, 사람 턴, deadline 누락은 기존 지연으로 돌아간다
ok 32 - 게임 밖, 사람 턴, deadline 누락은 기존 지연으로 돌아간다
  ---
  duration_ms: 0.385237
  type: 'test'
  ...
# Subtest: AI 예약 지연 live binding은 유효한 값만 반영하고 잘못된 값은 초기화한다
ok 33 - AI 예약 지연 live binding은 유효한 값만 반영하고 잘못된 값은 초기화한다
  ---
  duration_ms: 0.205927
  type: 'test'
  ...
# Subtest: 계산된 지연은 실제 AI effect의 TURN_DELAY_MS 예약 경로에 연결된다
ok 34 - 계산된 지연은 실제 AI effect의 TURN_DELAY_MS 예약 경로에 연결된다
  ---
  duration_ms: 2.411479
  type: 'test'
  ...
# Subtest: reads local preferences without requiring a browser global
ok 35 - reads local preferences without requiring a browser global
  ---
  duration_ms: 1.102501
  type: 'test'
  ...
# Subtest: creates individual and team seats with canonical app types
ok 36 - creates individual and team seats with canonical app types
  ---
  duration_ms: 1.638437
  type: 'test'
  ...
# Subtest: hydrates room players while ignoring spectators and preserving control metadata
ok 37 - hydrates room players while ignoring spectators and preserving control metadata
  ---
  duration_ms: 0.33752
  type: 'test'
  ...
# Subtest: adds a joined player only when the player is not already present
ok 38 - adds a joined player only when the player is not already present
  ---
  duration_ms: 0.217009
  type: 'test'
  ...
# Subtest: maps spectators and round-trips locked game seat snapshots
ok 39 - maps spectators and round-trips locked game seat snapshots
  ---
  duration_ms: 0.487016
  type: 'test'
  ...
# Subtest: preserves occupied locked seats when a later room snapshot is temporarily empty
ok 40 - preserves occupied locked seats when a later room snapshot is temporarily empty
  ---
  duration_ms: 0.232722
  type: 'test'
  ...
# Subtest: provides reusable pure selectors for occupied and active player seats
ok 41 - provides reusable pure selectors for occupied and active player seats
  ---
  duration_ms: 0.260408
  type: 'test'
  ...
# Subtest: creates individual and team pieces with stable owner and color contracts
ok 42 - creates individual and team pieces with stable owner and color contracts
  ---
  duration_ms: 0.480542
  type: 'test'
  ...
# Subtest: seeded turn order는 기존 stable hash 점수와 label fallback으로 정렬한다
ok 43 - seeded turn order는 기존 stable hash 점수와 label fallback으로 정렬한다
  ---
  duration_ms: 2.212509
  type: 'test'
  ...
# Subtest: 동일 seed와 seat 입력은 동일 순서를 반환하고 원본 배열을 변경하지 않는다
ok 44 - 동일 seed와 seat 입력은 동일 순서를 반환하고 원본 배열을 변경하지 않는다
  ---
  duration_ms: 0.344472
  type: 'test'
  ...
# Subtest: sequence refetch 시작값은 sequence보다 2 작되 음수가 되지 않는다
ok 45 - sequence refetch 시작값은 sequence보다 2 작되 음수가 되지 않는다
  ---
  duration_ms: 0.338361
  type: 'test'
  ...
# Subtest: QA delay window 값이 없거나 잘못된 값이면 기존 fallback을 유지한다
ok 46 - QA delay window 값이 없거나 잘못된 값이면 기존 fallback을 유지한다
  ---
  duration_ms: 0.306194
  type: 'test'
  ...
# Subtest: blocks rolling while authoritative save or item prompt is pending
ok 47 - blocks rolling while authoritative save or item prompt is pending
  ---
  duration_ms: 2.213125
  type: 'test'
  ...
# Subtest: roll then ordinary move clears the roll and advances to the next seat
ok 48 - roll then ordinary move clears the roll and advances to the next seat
  ---
  duration_ms: 1.155366
  type: 'test'
  ...
# Subtest: capturing an opponent resets the captured piece and preserves the current turn
ok 49 - capturing an opponent resets the captured piece and preserves the current turn
  ---
  duration_ms: 0.357592
  type: 'test'
  ...
# Subtest: stacked roll selection honors an explicit timeout override without mutating the stack
ok 50 - stacked roll selection honors an explicit timeout override without mutating the stack
  ---
  duration_ms: 0.211024
  type: 'test'
  ...
# Subtest: sequence recovery runs only when no replay, move, sync, pending action, or recovery conflict exists
ok 51 - sequence recovery runs only when no replay, move, sync, pending action, or recovery conflict exists
  ---
  duration_ms: 0.167154
  type: 'test'
  ...
# Subtest: App 루트에 고주기 표시 clock 상태와 interval 갱신을 두지 않는다
ok 52 - App 루트에 고주기 표시 clock 상태와 interval 갱신을 두지 않는다
  ---
  duration_ms: 4.566398
  type: 'test'
  ...
# Subtest: 표시 clock은 실제 표시 하위 컴포넌트에서만 구독한다
ok 53 - 표시 clock은 실제 표시 하위 컴포넌트에서만 구독한다
  ---
  duration_ms: 0.667053
  type: 'test'
  ...
# Subtest: v1 sequence는 stateAfter snapshot을 그대로 적용한다
ok 54 - v1 sequence는 stateAfter snapshot을 그대로 적용한다
  ---
  duration_ms: 2.131557
  type: 'test'
  ...
# Subtest: v2 sequence는 patch와 메타데이터를 직전 state에 적용하고 중복 sequence는 무시한다
ok 55 - v2 sequence는 patch와 메타데이터를 직전 state에 적용하고 중복 sequence는 무시한다
  ---
  duration_ms: 0.517995
  type: 'test'
  ...
# Subtest: authoritative 윷 sequence는 원격 표시용 Nice 등급을 결과에 보존한다
ok 56 - authoritative 윷 sequence는 원격 표시용 Nice 등급을 결과에 보존한다
  ---
  duration_ms: 0.379375
  type: 'test'
  ...
# Subtest: 누적 던지기와 레거시 Normal sequence는 표시 결과를 Bad로 보존한다
ok 57 - 누적 던지기와 레거시 Normal sequence는 표시 결과를 Bad로 보존한다
  ---
  duration_ms: 0.237874
  type: 'test'
  ...
# Subtest: v2 patch에 turnVersion이 명시되면 파생값보다 우선하고 mutation id가 없으면 기존 값을 유지한다
ok 58 - v2 patch에 turnVersion이 명시되면 파생값보다 우선하고 mutation id가 없으면 기존 값을 유지한다
  ---
  duration_ms: 0.310767
  type: 'test'
  ...
# Subtest: sequence gap이나 기준 state 부재 시 v2 patch를 임의 적용하지 않는다
ok 59 - sequence gap이나 기준 state 부재 시 v2 patch를 임의 적용하지 않는다
  ---
  duration_ms: 1.140666
  type: 'test'
  ...
# Subtest: 문자열 id와 id 없는 로그도 서로 다른 항목으로 보존하고 중복만 제거한다
ok 60 - 문자열 id와 id 없는 로그도 서로 다른 항목으로 보존하고 중복만 제거한다
  ---
  duration_ms: 0.39815
  type: 'test'
  ...
# Subtest: 연속 v2 event는 입력 순서와 무관하게 authoritative 버전과 state를 복원한다
ok 61 - 연속 v2 event는 입력 순서와 무관하게 authoritative 버전과 state를 복원한다
  ---
  duration_ms: 233.619531
  type: 'test'
  ...
# Subtest: 신규 sequence writer는 v2 필드만 기록하도록 구성되어 있다
ok 62 - 신규 sequence writer는 v2 필드만 기록하도록 구성되어 있다
  ---
  duration_ms: 15.664272
  type: 'test'
  ...
# Subtest: authoritative 요청이 제한 시간 안에 끝나면 결과를 그대로 반환한다
ok 63 - authoritative 요청이 제한 시간 안에 끝나면 결과를 그대로 반환한다
  ---
  duration_ms: 2.462219
  type: 'test'
  ...
# Subtest: 응답이 유실됐지만 서버 처리 기록이 있으면 duplicate로 복구한다
ok 64 - 응답이 유실됐지만 서버 처리 기록이 있으면 duplicate로 복구한다
  ---
  duration_ms: 5.662083
  type: 'test'
  ...
# Subtest: 처리 기록이 없는 아이템 요청 timeout은 rejected로 반환해 pending 정리와 재동기화를 유도한다
ok 65 - 처리 기록이 없는 아이템 요청 timeout은 rejected로 반환해 pending 정리와 재동기화를 유도한다
  ---
  duration_ms: 5.415435
  type: 'test'
  ...
# Subtest: 처리 기록 조회도 멈추면 제한 시간 뒤 아이템 요청을 rejected로 정리한다
ok 66 - 처리 기록 조회도 멈추면 제한 시간 뒤 아이템 요청을 rejected로 정리한다
  ---
  duration_ms: 10.416724
  type: 'test'
  ...
# Subtest: 아이템 외 요청 timeout은 오류를 유지해 기존 액션별 복구 경로가 처리하게 한다
ok 67 - 아이템 외 요청 timeout은 오류를 유지해 기존 액션별 복구 경로가 처리하게 한다
  ---
  duration_ms: 5.815411
  type: 'test'
  ...
# Subtest: 멈춘 아이템 요청 뒤에 직렬화된 다음 요청이 계속 실행된다
ok 68 - 멈춘 아이템 요청 뒤에 직렬화된 다음 요청이 계속 실행된다
  ---
  duration_ms: 5.69854
  type: 'test'
  ...
# Subtest: 새 게임 액션 hot path는 processed action과 state snapshot만 읽는다
ok 69 - 새 게임 액션 hot path는 processed action과 state snapshot만 읽는다
  ---
  duration_ms: 1.669033
  type: 'test'
  ...
# Subtest: 일반 액션 커밋은 room lastActivityAt 추가 쓰기를 만들지 않는다
ok 70 - 일반 액션 커밋은 room lastActivityAt 추가 쓰기를 만들지 않는다
  ---
  duration_ms: 0.247404
  type: 'test'
  ...
# Subtest: 게임 도중 AI 대행 전환은 lifecycle 트랜잭션에서 presence epoch와 제어 snapshot을 함께 갱신한다
ok 71 - 게임 도중 AI 대행 전환은 lifecycle 트랜잭션에서 presence epoch와 제어 snapshot을 함께 갱신한다
  ---
  duration_ms: 1.301693
  type: 'test'
  ...
# Subtest: timeout 자동 플레이는 연결 종료 대체와 분리된 authoritative 권한을 사용한다
ok 72 - timeout 자동 플레이는 연결 종료 대체와 분리된 authoritative 권한을 사용한다
  ---
  duration_ms: 0.717501
  type: 'test'
  ...
# Subtest: wake snapshot은 최신 게임 시작 식별자를 보존하고 AI effect 의존 객체를 복제한다
ok 73 - wake snapshot은 최신 게임 시작 식별자를 보존하고 AI effect 의존 객체를 복제한다
  ---
  duration_ms: 1.057217
  type: 'test'
  ...
# Subtest: wake snapshot은 authoritative 결과의 유효한 게임 시작 식별자를 우선한다
ok 74 - wake snapshot은 authoritative 결과의 유효한 게임 시작 식별자를 우선한다
  ---
  duration_ms: 0.186056
  type: 'test'
  ...
# Subtest: wake snapshot은 queued commit 결과의 sequence와 stateAfter를 현재 상태에 병합한다
ok 75 - wake snapshot은 queued commit 결과의 sequence와 stateAfter를 현재 상태에 병합한다
  ---
  duration_ms: 0.494174
  type: 'test'
  ...
# Subtest: wake snapshot은 stateAfter가 없으면 queued commit patch를 현재 상태에 병합한다
ok 76 - wake snapshot은 stateAfter가 없으면 queued commit patch를 현재 상태에 병합한다
  ---
  duration_ms: 0.183745
  type: 'test'
  ...
# Subtest: wake snapshot은 적용 결과가 객체가 아니면 생성하지 않는다
ok 77 - wake snapshot은 적용 결과가 객체가 아니면 생성하지 않는다
  ---
  duration_ms: 0.17909
  type: 'test'
  ...
# Subtest: commit queue는 첫 commit 실패 후에도 다음 commit을 순차 실행한다
ok 78 - commit queue는 첫 commit 실패 후에도 다음 commit을 순차 실행한다
  ---
  duration_ms: 5.900838
  type: 'test'
  ...
# Subtest: apply queue는 순차 실행하고 room 변경 시 queued apply를 무시한다
ok 79 - apply queue는 순차 실행하고 room 변경 시 queued apply를 무시한다
  ---
  duration_ms: 2.556681
  type: 'test'
  ...
# Subtest: 연속된 apply 사이에 렌더 task 경계를 기다린다
ok 80 - 연속된 apply 사이에 렌더 task 경계를 기다린다
  ---
  duration_ms: 0.409416
  type: 'test'
  ...
# Subtest: apply 종료 알림은 성공값을 전달하고 실패와 stale room 경로에서도 원래 결과를 보존한다
ok 81 - apply 종료 알림은 성공값을 전달하고 실패와 stale room 경로에서도 원래 결과를 보존한다
  ---
  duration_ms: 2.929914
  type: 'test'
  ...
# Subtest: apply 종료 알림 오류는 authoritative 결과를 변경하지 않는다
ok 82 - apply 종료 알림 오류는 authoritative 결과를 변경하지 않는다
  ---
  duration_ms: 0.33201
  type: 'test'
  ...
# Subtest: enqueueAuthoritativeGameAction은 result/error/finally 순서를 보존한다
ok 83 - enqueueAuthoritativeGameAction은 result/error/finally 순서를 보존한다
  ---
  duration_ms: 2.695073
  type: 'test'
  ...
# Subtest: queued action 적용 완료 알림은 handleResult가 끝난 뒤 commit 결과를 전달한다
ok 84 - queued action 적용 완료 알림은 handleResult가 끝난 뒤 commit 결과를 전달한다
  ---
  duration_ms: 1.237549
  type: 'test'
  ...
# Subtest: 백그라운드 복귀 시 서버의 인간 1명과 AI 2명 좌석을 완전한 시작 스냅샷으로 인정한다
ok 85 - 백그라운드 복귀 시 서버의 인간 1명과 AI 2명 좌석을 완전한 시작 스냅샷으로 인정한다
  ---
  duration_ms: 4.436296
  type: 'test'
  ...
# Subtest: 클라이언트에 현재 사용자 한 명만 복원된 순간 상태는 게임 시작용으로 인정하지 않는다
ok 86 - 클라이언트에 현재 사용자 한 명만 복원된 순간 상태는 게임 시작용으로 인정하지 않는다
  ---
  duration_ms: 0.423538
  type: 'test'
  ...
# Subtest: 좌석 번호나 플레이어 ID가 중복된 스냅샷은 거부한다
ok 87 - 좌석 번호나 플레이어 ID가 중복된 스냅샷은 거부한다
  ---
  duration_ms: 0.253235
  type: 'test'
  ...
# Subtest: before_roll 아이템을 사용하지 않은 뒤 보유 아이템을 유지한 채 윷을 던질 수 있다
ok 88 - before_roll 아이템을 사용하지 않은 뒤 보유 아이템을 유지한 채 윷을 던질 수 있다
  ---
  duration_ms: 5.611625
  type: 'test'
  ...
# Subtest: before_roll 선택 대기가 실제로 열려 있으면 윷 던지기를 계속 차단한다
ok 89 - before_roll 선택 대기가 실제로 열려 있으면 윷 던지기를 계속 차단한다
  ---
  duration_ms: 0.301461
  type: 'test'
  ...
# Subtest: before_roll 미사용 재시도는 다른 윷 입력 검증 오류를 우회하지 않는다
ok 90 - before_roll 미사용 재시도는 다른 윷 입력 검증 오류를 우회하지 않는다
  ---
  duration_ms: 0.334222
  type: 'test'
  ...
# Subtest: the active player nickname is shown without a turn suffix
ok 91 - the active player nickname is shown without a turn suffix
  ---
  duration_ms: 1.556772
  type: 'test'
  ...
# Subtest: game end keeps the latest acting player nickname instead of the winner summary
ok 92 - game end keeps the latest acting player nickname instead of the winner summary
  ---
  duration_ms: 0.26699
  type: 'test'
  ...
# Subtest: an individual winner name is used when the final move log is unavailable
ok 93 - an individual winner name is used when the final move log is unavailable
  ---
  duration_ms: 0.223905
  type: 'test'
  ...
# Subtest: capture approach uses an exact 400ms slow-motion window
ok 94 - capture approach uses an exact 400ms slow-motion window
  ---
  duration_ms: 1.070082
  type: 'test'
  ...
# Subtest: chain capture timing tightens as the captured stack grows
ok 95 - chain capture timing tightens as the captured stack grows
  ---
  duration_ms: 0.293499
  type: 'test'
  ...
# Subtest: capture jump and board shake intensity increase by captured piece count
ok 96 - capture jump and board shake intensity increase by captured piece count
  ---
  duration_ms: 1.336067
  type: 'test'
  ...
# Subtest: outer corners eject pieces through the nearest natural board edge
ok 97 - outer corners eject pieces through the nearest natural board edge
  ---
  duration_ms: 0.707054
  type: 'test'
  ...
# Subtest: center captures continue the attackers incoming direction
ok 98 - center captures continue the attackers incoming direction
  ---
  duration_ms: 0.388649
  type: 'test'
  ...
# Subtest: stacked captured pieces leave in a timed sequence and the last piece travels farthest
ok 99 - stacked captured pieces leave in a timed sequence and the last piece travels farthest
  ---
  duration_ms: 0.921816
  type: 'test'
  ...
# Subtest: remote capture inference requires the moving attacker to remain on the captured node
ok 100 - remote capture inference requires the moving attacker to remain on the captured node
  ---
  duration_ms: 0.592794
  type: 'test'
  ...
# Subtest: capture presentation waits for movement, blocks following animations, and holds the action lock
ok 101 - capture presentation waits for movement, blocks following animations, and holds the action lock
  ---
  duration_ms: 3.080551
  type: 'test'
  ...
# Subtest: a capture task can cancel before presentation without waiting for its duration
ok 102 - a capture task can cancel before presentation without waiting for its duration
  ---
  duration_ms: 0.394632
  type: 'test'
  ...
# Subtest: 온라인 윷 던지기는 클라이언트가 선확정한 정상 결과를 그대로 커밋한다
ok 103 - 온라인 윷 던지기는 클라이언트가 선확정한 정상 결과를 그대로 커밋한다
  ---
  duration_ms: 3.323142
  type: 'test'
  ...
# Subtest: 온라인 낙은 클라이언트가 선확정한 표시 결과와 낙 개수를 그대로 사용한다
ok 104 - 온라인 낙은 클라이언트가 선확정한 표시 결과와 낙 개수를 그대로 사용한다
  ---
  duration_ms: 0.515993
  type: 'test'
  ...
# Subtest: 형식이 잘못된 클라이언트 윷 결과는 거부한다
ok 105 - 형식이 잘못된 클라이언트 윷 결과는 거부한다
  ---
  duration_ms: 0.306398
  type: 'test'
  ...
# Subtest: coordinator write 경로는 owner와 epoch가 일치하는 활성 lease를 검증한다
ok 106 - coordinator write 경로는 owner와 epoch가 일치하는 활성 lease를 검증한다
  ---
  duration_ms: 2.51983
  type: 'test'
  ...
# Subtest: 일반 state와 sequence patch는 lease field를 덮어쓰거나 replay하지 않는다
ok 107 - 일반 state와 sequence patch는 lease field를 덮어쓰거나 replay하지 않는다
  ---
  duration_ms: 1.157086
  type: 'test'
  ...
# Subtest: client는 snapshot lease를 수신하고 delegated action과 turn-order write에 epoch를 첨부한다
ok 108 - client는 snapshot lease를 수신하고 delegated action과 turn-order write에 epoch를 첨부한다
  ---
  duration_ms: 2.309426
  type: 'test'
  ...
# Subtest: the same deadline key preserves its original animation snapshot across rerenders
ok 109 - the same deadline key preserves its original animation snapshot across rerenders
  ---
  duration_ms: 0.909258
  type: 'test'
  ...
# Subtest: a new deadline key or duration creates a fresh animation snapshot
ok 110 - a new deadline key or duration creates a fresh animation snapshot
  ---
  duration_ms: 0.201693
  type: 'test'
  ...
# Subtest: 버그 리포트 sequence 내보내기는 최근 30개와 허용 필드만 포함한다
ok 111 - 버그 리포트 sequence 내보내기는 최근 30개와 허용 필드만 포함한다
  ---
  duration_ms: 7.970158
  type: 'test'
  ...
# Subtest: 낙 완료 커밋은 일시 거부 뒤 서비스 계층에서 다시 시도한다
ok 112 - 낙 완료 커밋은 일시 거부 뒤 서비스 계층에서 다시 시도한다
  ---
  duration_ms: 1.770237
  type: 'test'
  ...
# Subtest: 낙 완료 커밋의 committed와 duplicate는 즉시 종료한다
ok 113 - 낙 완료 커밋의 committed와 duplicate는 즉시 종료한다
  ---
  duration_ms: 0.227889
  type: 'test'
  ...
# Subtest: 계속 실패하면 지정된 최대 횟수까지만 재시도한다
ok 114 - 계속 실패하면 지정된 최대 횟수까지만 재시도한다
  ---
  duration_ms: 0.237329
  type: 'test'
  ...
# Subtest: 일반 윷 던지기는 재시도 정책을 적용하지 않는다
ok 115 - 일반 윷 던지기는 재시도 정책을 적용하지 않는다
  ---
  duration_ms: 0.196641
  type: 'test'
  ...
# Subtest: 낙 애니메이션이 끝났고 authoritative effect가 없으면 미결 상태를 정리한다
ok 116 - 낙 애니메이션이 끝났고 authoritative effect가 없으면 미결 상태를 정리한다
  ---
  duration_ms: 1.536931
  type: 'test'
  ...
# Subtest: 늦게 도착한 authoritative effect가 actor와 effect id를 교정한다
ok 117 - 늦게 도착한 authoritative effect가 actor와 effect id를 교정한다
  ---
  duration_ms: 0.995687
  type: 'test'
  ...
# Subtest: authoritative effect가 존재하는 동안에는 pending을 정리하지 않는다
ok 118 - authoritative effect가 존재하는 동안에는 pending을 정리하지 않는다
  ---
  duration_ms: 0.200265
  type: 'test'
  ...
# Subtest: 낙 presentation 완료 액션은 서버 commit 없이 로컬 duplicate로 종료한다
ok 119 - 낙 presentation 완료 액션은 서버 commit 없이 로컬 duplicate로 종료한다
  ---
  duration_ms: 1.569445
  type: 'test'
  ...
# Subtest: 일반 게임 액션은 로컬에서 소비하지 않는다
ok 120 - 일반 게임 액션은 로컬에서 소비하지 않는다
  ---
  duration_ms: 0.181437
  type: 'test'
  ...
# Subtest: 실제 낙 표출 완료 액션만 presentation lock을 우회한다
ok 121 - 실제 낙 표출 완료 액션만 presentation lock을 우회한다
  ---
  duration_ms: 1.488676
  type: 'test'
  ...
# Subtest: 일반 사용자·AI·timeout 윷 던지기는 계속 presentation lock을 기다린다
ok 122 - 일반 사용자·AI·timeout 윷 던지기는 계속 presentation lock을 기다린다
  ---
  duration_ms: 0.335359
  type: 'test'
  ...
# Subtest: 낙 완료 커밋 성공과 중복 처리는 재시도하지 않는다
ok 123 - 낙 완료 커밋 성공과 중복 처리는 재시도하지 않는다
  ---
  duration_ms: 0.189113
  type: 'test'
  ...
# Subtest: 낙 완료 요청이 거부되거나 지원되지 않으면 화면 재시도 경로로 넘긴다
ok 124 - 낙 완료 요청이 거부되거나 지원되지 않으면 화면 재시도 경로로 넘긴다
  ---
  duration_ms: 0.160686
  type: 'test'
  ...
# Subtest: 온라인 낙 확정은 서버 턴을 한 번만 전환하고 presentation gate와 턴 전환 여유를 저장한다
ok 125 - 온라인 낙 확정은 서버 턴을 한 번만 전환하고 presentation gate와 턴 전환 여유를 저장한다
  ---
  duration_ms: 2.777475
  type: 'test'
  ...
# Subtest: 클라이언트 presentation 완료 요청은 authoritative event와 turn 상태를 변경하지 않는다
ok 126 - 클라이언트 presentation 완료 요청은 authoritative event와 turn 상태를 변경하지 않는다
  ---
  duration_ms: 0.421538
  type: 'test'
  ...
# Subtest: presentation gate 전에는 다음 플레이어의 윷 액션을 authoritative reducer가 거부한다
ok 127 - presentation gate 전에는 다음 플레이어의 윷 액션을 authoritative reducer가 거부한다
  ---
  duration_ms: 0.302149
  type: 'test'
  ...
# Subtest: presentation gate 이후에도 턴 전환 여유가 끝난 뒤 다음 플레이어가 진행하고 기존 event를 교체한다
ok 128 - presentation gate 이후에도 턴 전환 여유가 끝난 뒤 다음 플레이어가 진행하고 기존 event를 교체한다
  ---
  duration_ms: 1.578175
  type: 'test'
  ...
# Subtest: 다음 플레이어의 before_roll 아이템 시간은 presentation gate와 턴 전환 여유 뒤부터 계산한다
ok 129 - 다음 플레이어의 before_roll 아이템 시간은 presentation gate와 턴 전환 여유 뒤부터 계산한다
  ---
  duration_ms: 0.589248
  type: 'test'
  ...
# Subtest: 낙을 던지지 않은 actor는 presentation 완료를 가장해도 event에 접근할 수 없다
ok 130 - 낙을 던지지 않은 actor는 presentation 완료를 가장해도 event에 접근할 수 없다
  ---
  duration_ms: 0.481703
  type: 'test'
  ...
# Subtest: 이미 다음 roll이 event를 교체한 뒤 도착한 완료 요청도 상태를 변경하지 않는다
ok 131 - 이미 다음 roll이 event를 교체한 뒤 도착한 완료 요청도 상태를 변경하지 않는다
  ---
  duration_ms: 0.260514
  type: 'test'
  ...
# Subtest: fall reroll prompt survives presentation gating without advancing the turn
ok 132 - fall reroll prompt survives presentation gating without advancing the turn
  ---
  duration_ms: 4.049036
  type: 'test'
  ...
# Subtest: finish jump continues through the start node in the incoming direction
ok 133 - finish jump continues through the start node in the incoming direction
  ---
  duration_ms: 1.519808
  type: 'test'
  ...
# Subtest: stacked finish pieces are staggered and extend the visual hold duration
ok 134 - stacked finish pieces are staggered and extend the visual hold duration
  ---
  duration_ms: 1.443333
  type: 'test'
  ...
# Subtest: finish inference only returns pieces that transitioned from the board to finished
ok 135 - finish inference only returns pieces that transitioned from the board to finished
  ---
  duration_ms: 0.364688
  type: 'test'
  ...
# Subtest: 완주에 필요한 남은 칸이 있으면 실제 이동 경로에 n01 뒤 finish 단계를 포함한다
ok 136 - 완주에 필요한 남은 칸이 있으면 실제 이동 경로에 n01 뒤 finish 단계를 포함한다
  ---
  duration_ms: 3.249944
  type: 'test'
  ...
# Subtest: n01에 정확히 도착한 이동은 finish를 추가하지 않는다
ok 137 - n01에 정확히 도착한 이동은 finish를 추가하지 않는다
  ---
  duration_ms: 0.411776
  type: 'test'
  ...
# Subtest: 말판 주변 탐색용 기본 경로에는 가상 finish 노드를 섞지 않는다
ok 138 - 말판 주변 탐색용 기본 경로에는 가상 finish 노드를 섞지 않는다
  ---
  duration_ms: 0.214565
  type: 'test'
  ...
# Subtest: 한 바퀴를 돈 말이 n01에서 전진하면 finish로 이동한다
ok 139 - 한 바퀴를 돈 말이 n01에서 전진하면 finish로 이동한다
  ---
  duration_ms: 0.223431
  type: 'test'
  ...
# Subtest: authoritative 이동 payload는 실제 완주 경로를 finish까지 기록한다
ok 140 - authoritative 이동 payload는 실제 완주 경로를 finish까지 기록한다
  ---
  duration_ms: 1.327135
  type: 'test'
  ...
# Subtest: authoritative 이동은 n01에 정확히 도착하면 미완주 상태를 유지한다
ok 141 - authoritative 이동은 n01에 정확히 도착하면 미완주 상태를 유지한다
  ---
  duration_ms: 0.448934
  type: 'test'
  ...
# Subtest: Firebase 인증의 일시 오류는 지정한 지연 후 재시도한다
ok 142 - Firebase 인증의 일시 오류는 지정한 지연 후 재시도한다
  ---
  duration_ms: 1.76179
  type: 'test'
  ...
# Subtest: 설정 오류는 재시도하지 않고 즉시 전달한다
ok 143 - 설정 오류는 재시도하지 않고 즉시 전달한다
  ---
  duration_ms: 0.60298
  type: 'test'
  ...
# Subtest: 일시 오류가 계속되면 허용된 재시도 횟수 후 실패한다
ok 144 - 일시 오류가 계속되면 허용된 재시도 횟수 후 실패한다
  ---
  duration_ms: 0.414411
  type: 'test'
  ...
# Subtest: 프로덕션은 yut-prod-stafor94 named database를 사용한다
ok 145 - 프로덕션은 yut-prod-stafor94 named database를 사용한다
  ---
  duration_ms: 1.421435
  type: 'test'
  ...
# Subtest: 프로덕션 Firestore 배포 대상도 named database만 유지한다
ok 146 - 프로덕션 Firestore 배포 대상도 named database만 유지한다
  ---
  duration_ms: 1.015615
  type: 'test'
  ...
# Subtest: Firebase emulator QA는 default database를 유지한다
ok 147 - Firebase emulator QA는 default database를 유지한다
  ---
  duration_ms: 0.182537
  type: 'test'
  ...
# Subtest: 일반 방 하위 컬렉션은 공통 정책을 자동 적용한다
ok 148 - 일반 방 하위 컬렉션은 공통 정책을 자동 적용한다
  ---
  duration_ms: 1.547278
  type: 'test'
  ...
# Subtest: 기존 일반 컬렉션의 권한 차이는 공통 정책에서 보존한다
ok 149 - 기존 일반 컬렉션의 권한 차이는 공통 정책에서 보존한다
  ---
  duration_ms: 0.458184
  type: 'test'
  ...
# Subtest: 신원·스키마 검사가 필요한 컬렉션은 공통 정책에서 제외한다
ok 150 - 신원·스키마 검사가 필요한 컬렉션은 공통 정책에서 제외한다
  ---
  duration_ms: 0.3208
  type: 'test'
  ...
# Subtest: 알 수 없는 최상위·깊은 중첩 경로는 계속 거부한다
ok 151 - 알 수 없는 최상위·깊은 중첩 경로는 계속 거부한다
  ---
  duration_ms: 0.252192
  type: 'test'
  ...
# Subtest: 3인 이상 개인전도 첫 완주자가 나오면 순위전을 열지 않고 최종 종료한다
ok 152 - 3인 이상 개인전도 첫 완주자가 나오면 순위전을 열지 않고 최종 종료한다
  ---
  duration_ms: 4.50063
  type: 'test'
  ...
# Subtest: 함정 설치 후보는 실제 말판 1칸 인접 노드를 방향과 무관하게 반환한다
ok 153 - 함정 설치 후보는 실제 말판 1칸 인접 노드를 방향과 무관하게 반환한다
  ---
  duration_ms: 3.302547
  type: 'test'
  ...
# Subtest: 말판 지름길 경로는 분기 선택 시 중앙을 경유한다
ok 154 - 말판 지름길 경로는 분기 선택 시 중앙을 경유한다
  ---
  duration_ms: 0.401701
  type: 'test'
  ...
# Subtest: 중앙에서 외곽 선택 시 n16 방향 경로를 사용한다
ok 155 - 중앙에서 외곽 선택 시 n16 방향 경로를 사용한다
  ---
  duration_ms: 0.235902
  type: 'test'
  ...
# Subtest: 중앙에서 빽도는 직전 칸으로 되돌아간다
ok 156 - 중앙에서 빽도는 직전 칸으로 되돌아간다
  ---
  duration_ms: 0.404417
  type: 'test'
  ...
# Subtest: 직전 칸 정보가 없으면 중앙 빽도는 기존 역방향 경로를 사용한다
ok 157 - 직전 칸 정보가 없으면 중앙 빽도는 기존 역방향 경로를 사용한다
  ---
  duration_ms: 0.303109
  type: 'test'
  ...
# Subtest: 출발점의 말은 빽도에서 완주하지 않고 왼쪽 칸으로 이동한다
ok 158 - 출발점의 말은 빽도에서 완주하지 않고 왼쪽 칸으로 이동한다
  ---
  duration_ms: 1.323623
  type: 'test'
  ...
# Subtest: 출발 한 칸 위에서 빽도는 출발로 돌아가며 완주하지 않는다
ok 159 - 출발 한 칸 위에서 빽도는 출발로 돌아가며 완주하지 않는다
  ---
  duration_ms: 1.470949
  type: 'test'
  ...
# Subtest: 중앙의 말은 빽도에서 저장된 직전 칸으로 이동한다
ok 160 - 중앙의 말은 빽도에서 저장된 직전 칸으로 이동한다
  ---
  duration_ms: 0.330615
  type: 'test'
  ...
# Subtest: 중앙의 말은 다른 진입 방향에서도 빽도에서 저장된 직전 칸으로 이동한다
ok 161 - 중앙의 말은 다른 진입 방향에서도 빽도에서 저장된 직전 칸으로 이동한다
  ---
  duration_ms: 0.637974
  type: 'test'
  ...
# Subtest: 중앙보다 한 칸 더 간 위치에서 빽도가 연속으로 나오면 중앙과 직전 칸을 왕복한다
ok 162 - 중앙보다 한 칸 더 간 위치에서 빽도가 연속으로 나오면 중앙과 직전 칸을 왕복한다
  ---
  duration_ms: 0.910309
  type: 'test'
  ...
# Subtest: 아이템 랜덤 선택은 전달된 random 함수를 사용한다
ok 163 - 아이템 랜덤 선택은 전달된 random 함수를 사용한다
  ---
  duration_ms: 0.276065
  type: 'test'
  ...
# Subtest: 온라인 게임 조율자는 방장 표시가 아니라 첫 번째 인간 좌석으로 결정된다
ok 164 - 온라인 게임 조율자는 방장 표시가 아니라 첫 번째 인간 좌석으로 결정된다
  ---
  duration_ms: 0.230798
  type: 'test'
  ...
# Subtest: 게임 진입 확인은 AI를 기다리지 않고 현재 로컬 사람 좌석을 낙관적으로 진입 처리한다
ok 165 - 게임 진입 확인은 AI를 기다리지 않고 현재 로컬 사람 좌석을 낙관적으로 진입 처리한다
  ---
  duration_ms: 0.213428
  type: 'test'
  ...
# Subtest: 차례가 아닌 플레이어의 윷 던지기는 거부된다
ok 166 - 차례가 아닌 플레이어의 윷 던지기는 거부된다
  ---
  duration_ms: 0.322684
  type: 'test'
  ...
# Subtest: 정상 윷 던지기는 roll과 로그 패치를 만든다
ok 167 - 정상 윷 던지기는 roll과 로그 패치를 만든다
  ---
  duration_ms: 0.34158
  type: 'test'
  ...
# Subtest: 말 이동 reducer는 시작 전 말을 출발시키고 턴을 넘긴다
ok 168 - 말 이동 reducer는 시작 전 말을 출발시키고 턴을 넘긴다
  ---
  duration_ms: 0.610144
  type: 'test'
  ...
# Subtest: 함정은 아군도 발동시키고 방패로 막을 수 없으며 아이템보다 먼저 처리된다
ok 169 - 함정은 아군도 발동시키고 방패로 막을 수 없으며 아이템보다 먼저 처리된다
  ---
  duration_ms: 0.487717
  type: 'test'
  ...
# Subtest: 완주 후 이어서 진행은 방장이 아닌 플레이어 actor도 커밋된다
ok 170 - 완주 후 이어서 진행은 방장이 아닌 플레이어 actor도 커밋된다
  ---
  duration_ms: 2.261382
  type: 'test'
  ...
# Subtest: 완주 후 이어서 진행은 이전 누적 던지기와 선택 대기를 다음 순위전에 넘기지 않는다
ok 171 - 완주 후 이어서 진행은 이전 누적 던지기와 선택 대기를 다음 순위전에 넘기지 않는다
  ---
  duration_ms: 0.641886
  type: 'test'
  ...
# Subtest: 윷 던지기 타이밍 구간은 중앙 Perfect와 좌우 Good을 판정한다
ok 172 - 윷 던지기 타이밍 구간은 중앙 Perfect와 좌우 Good을 판정한다
  ---
  duration_ms: 0.173801
  type: 'test'
  ...
# Subtest: AI 윷 던지기 타이밍은 30% Perfect, 40% Good, 30% Normal 기준으로 판정한다
ok 173 - AI 윷 던지기 타이밍은 30% Perfect, 40% Good, 30% Normal 기준으로 판정한다
  ---
  duration_ms: 0.22352
  type: 'test'
  ...
# Subtest: 타이밍 구간별 낙 확률을 적용한다
ok 174 - 타이밍 구간별 낙 확률을 적용한다
  ---
  duration_ms: 0.160236
  type: 'test'
  ...
# Subtest: 아이템 사용 선택 중에는 윷 던지기를 차단한다
ok 175 - 아이템 사용 선택 중에는 윷 던지기를 차단한다
  ---
  duration_ms: 0.282776
  type: 'test'
  ...
# Subtest: Perfect 타이밍은 윷과 모 확률을 각각 5%p 올린다
ok 176 - Perfect 타이밍은 윷과 모 확률을 각각 5%p 올린다
  ---
  duration_ms: 0.470404
  type: 'test'
  ...
# Subtest: 낙이 발생한 윷 던지기는 진행 기록을 남기고 턴을 넘긴다
ok 177 - 낙이 발생한 윷 던지기는 진행 기록을 남기고 턴을 넘긴다
  ---
  duration_ms: 0.342082
  type: 'test'
  ...
# Subtest: 잡기 이동은 일반 모드에서 턴을 유지하고 추가 던지기를 허용한다
ok 178 - 잡기 이동은 일반 모드에서 턴을 유지하고 추가 던지기를 허용한다
  ---
  duration_ms: 0.404959
  type: 'test'
  ...
# Subtest: 누적 던지기 모드는 윷/모 결과를 이동 스택에 쌓고 비보너스에서 선택 상태로 전환한다
ok 179 - 누적 던지기 모드는 윷/모 결과를 이동 스택에 쌓고 비보너스에서 선택 상태로 전환한다
  ---
  duration_ms: 1.514868
  type: 'test'
  ...
# Subtest: 온라인 일반 던지기 확정 payload는 서버 재생용 표시 결과와 낙 정보를 포함한다
ok 180 - 온라인 일반 던지기 확정 payload는 서버 재생용 표시 결과와 낙 정보를 포함한다
  ---
  duration_ms: 0.476964
  type: 'test'
  ...
# Subtest: 온라인 상대·AI 던지기도 optimistic 없이 서버 sequence에서 한 번 재생할 표시 결과를 남긴다
ok 181 - 온라인 상대·AI 던지기도 optimistic 없이 서버 sequence에서 한 번 재생할 표시 결과를 남긴다
  ---
  duration_ms: 0.380362
  type: 'test'
  ...
# Subtest: 온라인 모아던지기 연속 결과는 stateAfter.roll이 없어도 payload displayRoll로 재생할 수 있게 남긴다
ok 182 - 온라인 모아던지기 연속 결과는 stateAfter.roll이 없어도 payload displayRoll로 재생할 수 있게 남긴다
  ---
  duration_ms: 0.649112
  type: 'test'
  ...
# Subtest: 온라인 낙 확정은 stateAfter.roll이 null이어도 payload displayRoll과 1~4 fallCount를 남긴다
ok 183 - 온라인 낙 확정은 stateAfter.roll이 null이어도 payload displayRoll과 1~4 fallCount를 남긴다
  ---
  duration_ms: 0.887116
  type: 'test'
  ...
# Subtest: 누적 던지기 모드는 시간초과 던지기로 이동 대기 상태가 되면 같은 턴 수동 던지기를 거부한다
ok 184 - 누적 던지기 모드는 시간초과 던지기로 이동 대기 상태가 되면 같은 턴 수동 던지기를 거부한다
  ---
  duration_ms: 1.068984
  type: 'test'
  ...
# Subtest: 누적 이동 스택을 소비하면 남은 스택이 있을 때 턴을 유지하고 선택 대기 상태를 갱신한다
ok 185 - 누적 이동 스택을 소비하면 남은 스택이 있을 때 턴을 유지하고 선택 대기 상태를 갱신한다
  ---
  duration_ms: 0.995523
  type: 'test'
  ...
# Subtest: 온라인 누적 이동은 열린 보너스 스택을 바로 소비하지 못한다
ok 186 - 온라인 누적 이동은 열린 보너스 스택을 바로 소비하지 못한다
  ---
  duration_ms: 0.193942
  type: 'test'
  ...
# Subtest: 누적 던지기 모드에서 출발 전 말의 빽도 스택은 이동 없이 소비하고 턴을 넘긴다
ok 187 - 누적 던지기 모드에서 출발 전 말의 빽도 스택은 이동 없이 소비하고 턴을 넘긴다
  ---
  duration_ms: 0.595919
  type: 'test'
  ...
# Subtest: 누적 던지기 모드에서 빽도 뒤 도가 남으면 빽도만 소비하고 도 이동 상태를 유지한다
ok 188 - 누적 던지기 모드에서 빽도 뒤 도가 남으면 빽도만 소비하고 도 이동 상태를 유지한다
  ---
  duration_ms: 0.387487
  type: 'test'
  ...
# Subtest: 누적 던지기 모드에서 도 뒤 빽도는 빽도만 소비하고 도 이동 상태를 유지한다
ok 189 - 누적 던지기 모드에서 도 뒤 빽도는 빽도만 소비하고 도 이동 상태를 유지한다
  ---
  duration_ms: 0.337204
  type: 'test'
  ...
# Subtest: 빽도에서 이동 가능한 말이 있으면 잘못 선택한 출발 전 말은 에러로 거부한다
ok 190 - 빽도에서 이동 가능한 말이 있으면 잘못 선택한 출발 전 말은 에러로 거부한다
  ---
  duration_ms: 0.210967
  type: 'test'
  ...
# Subtest: 누적 던지기 모드에서 잡기 이동은 남은 스택을 보존한 채 추가 던지기 상태로 전환한다
ok 191 - 누적 던지기 모드에서 잡기 이동은 남은 스택을 보존한 채 추가 던지기 상태로 전환한다
  ---
  duration_ms: 0.386554
  type: 'test'
  ...
# Subtest: 온라인 윷 던지기 성공 후 after_roll 아이템이 있으면 서버가 아이템 선택 대기를 연다
ok 192 - 온라인 윷 던지기 성공 후 after_roll 아이템이 있으면 서버가 아이템 선택 대기를 연다
  ---
  duration_ms: 0.623071
  type: 'test'
  ...
# Subtest: 온라인 after_roll 아이템 선택 대기 중에는 말 이동을 거부한다
ok 193 - 온라인 after_roll 아이템 선택 대기 중에는 말 이동을 거부한다
  ---
  duration_ms: 0.226792
  type: 'test'
  ...
# Subtest: 온라인 after_roll 사용 안 함은 윷 결과를 유지하고 이동 단계로 전환한다
ok 194 - 온라인 after_roll 사용 안 함은 윷 결과를 유지하고 이동 단계로 전환한다
  ---
  duration_ms: 0.987964
  type: 'test'
  ...
# Subtest: 온라인 after_move 사용 안 함은 보류된 다음 턴으로 서버 턴을 진행한다
ok 195 - 온라인 after_move 사용 안 함은 보류된 다음 턴으로 서버 턴을 진행한다
  ---
  duration_ms: 0.226181
  type: 'test'
  ...
# Subtest: 온라인 roll timeout 복구는 deadline+grace 이후 deadline 일치 시만 커밋한다
ok 196 - 온라인 roll timeout 복구는 deadline+grace 이후 deadline 일치 시만 커밋한다
  ---
  duration_ms: 0.357299
  type: 'test'
  ...
# Subtest: 온라인 move timeout 복구는 deadline+grace 이후 deadline 일치 시만 커밋한다
ok 197 - 온라인 move timeout 복구는 deadline+grace 이후 deadline 일치 시만 커밋한다
  ---
  duration_ms: 0.521162
  type: 'test'
  ...
# Subtest: 온라인 아이템 timeout 복구는 deadline 전 조기 요청을 거부한다
ok 198 - 온라인 아이템 timeout 복구는 deadline 전 조기 요청을 거부한다
  ---
  duration_ms: 0.144762
  type: 'test'
  ...
# Subtest: 온라인 아이템 timeout 복구는 프롬프트 대상 actor 불일치를 거부한다
ok 199 - 온라인 아이템 timeout 복구는 프롬프트 대상 actor 불일치를 거부한다
  ---
  duration_ms: 0.221005
  type: 'test'
  ...
# Subtest: 온라인 coordinator 아이템 deadline 복구는 실제 actor skip으로 다음 단계에 진입한다
ok 200 - 온라인 coordinator 아이템 deadline 복구는 실제 actor skip으로 다음 단계에 진입한다
  ---
  duration_ms: 0.156691
  type: 'test'
  ...
# Subtest: 온라인 after_move 선택 대기 중에는 이전 플레이어의 윷 던지기를 거부한다
ok 201 - 온라인 after_move 선택 대기 중에는 이전 플레이어의 윷 던지기를 거부한다
  ---
  duration_ms: 0.153813
  type: 'test'
  ...
# Subtest: 온라인 누적 마지막 윷 이후 after_roll 팝업은 방금 추가한 스택을 선택한다
ok 202 - 온라인 누적 마지막 윷 이후 after_roll 팝업은 방금 추가한 스택을 선택한다
  ---
  duration_ms: 0.34219
  type: 'test'
  ...
# Subtest: 온라인 누적 다시 던지기는 선택 스택을 비우고 실제 재던지기 단계로 전환한다
ok 203 - 온라인 누적 다시 던지기는 선택 스택을 비우고 실제 재던지기 단계로 전환한다
  ---
  duration_ms: 0.283016
  type: 'test'
  ...
# Subtest: 온라인 누적 다시 던지기 후 실제 roll_yut은 원래 선택 위치에 새 결과를 넣는다
ok 204 - 온라인 누적 다시 던지기 후 실제 roll_yut은 원래 선택 위치에 새 결과를 넣는다
  ---
  duration_ms: 0.579465
  type: 'test'
  ...
# Subtest: 온라인 일반 다시 던지기는 실제 roll_yut 입력 기회를 열고 사용 기록을 남긴다
ok 205 - 온라인 일반 다시 던지기는 실제 roll_yut 입력 기회를 열고 사용 기록을 남긴다
  ---
  duration_ms: 0.316487
  type: 'test'
  ...
# Subtest: 온라인 이동값 변경 아이템은 서버에서 roll과 스택을 함께 갱신한다
ok 206 - 온라인 이동값 변경 아이템은 서버에서 roll과 스택을 함께 갱신한다
  ---
  duration_ms: 0.219883
  type: 'test'
  ...
# Subtest: 온라인 방패 아이템은 서버에서 보호 대상과 다음 턴을 확정한다
ok 207 - 온라인 방패 아이템은 서버에서 보호 대상과 다음 턴을 확정한다
  ---
  duration_ms: 0.308742
  type: 'test'
  ...
# Subtest: 온라인 황금 윷 아이템은 서버에서 보유 아이템을 소비한다
ok 208 - 온라인 황금 윷 아이템은 서버에서 보유 아이템을 소비한다
  ---
  duration_ms: 0.202218
  type: 'test'
  ...
# Subtest: 온라인 before_roll 아이템 선택 대기 중에는 윷 던지기를 거부한다
ok 209 - 온라인 before_roll 아이템 선택 대기 중에는 윷 던지기를 거부한다
  ---
  duration_ms: 0.119556
  type: 'test'
  ...
# Subtest: 온라인 누적 AI 낙 후 다음 플레이어가 황금 윷을 보유하면 before_roll 선택 대기를 연다
ok 210 - 온라인 누적 AI 낙 후 다음 플레이어가 황금 윷을 보유하면 before_roll 선택 대기를 연다
  ---
  duration_ms: 0.360946
  type: 'test'
  ...
# Subtest: 온라인 누적 낙 후 다음 플레이어에게 before_roll 아이템이 없으면 roll 상태를 유지한다
ok 211 - 온라인 누적 낙 후 다음 플레이어에게 before_roll 아이템이 없으면 roll 상태를 유지한다
  ---
  duration_ms: 0.225201
  type: 'test'
  ...
# Subtest: 온라인 빽도에서 판 위 말이 없으면 after_roll 아이템 선택 대기를 열지 않는다
ok 212 - 온라인 빽도에서 판 위 말이 없으면 after_roll 아이템 선택 대기를 열지 않는다
  ---
  duration_ms: 0.310286
  type: 'test'
  ...
# Subtest: 온라인 함정 후보는 시작점과 모든 점유 칸을 제외한다
ok 213 - 온라인 함정 후보는 시작점과 모든 점유 칸을 제외한다
  ---
  duration_ms: 0.357181
  type: 'test'
  ...
# Subtest: 온라인 함정 설치는 후보 생성 뒤 점유된 칸이면 소비와 턴 진행 없이 거부한다
ok 214 - 온라인 함정 설치는 후보 생성 뒤 점유된 칸이면 소비와 턴 진행 없이 거부한다
  ---
  duration_ms: 0.32006
  type: 'test'
  ...
# Subtest: 온라인 누적 마지막 이동 후 함정은 lastMovedSeatId 기준으로 허용되고 place_trap 뒤 다음 턴으로 넘어간다
ok 215 - 온라인 누적 마지막 이동 후 함정은 lastMovedSeatId 기준으로 허용되고 place_trap 뒤 다음 턴으로 넘어간다
  ---
  duration_ms: 1.413768
  type: 'test'
  ...
# Subtest: 온라인 함정 설치는 place_trap에서 아이템을 소비하고 trapNodes를 유지 상태로 커밋한다
ok 216 - 온라인 함정 설치는 place_trap에서 아이템을 소비하고 trapNodes를 유지 상태로 커밋한다
  ---
  duration_ms: 0.353535
  type: 'test'
  ...
# Subtest: 온라인 함정 설치 시간초과 취소는 서버에서 다음 턴으로 진행한다
ok 217 - 온라인 함정 설치 시간초과 취소는 서버에서 다음 턴으로 진행한다
  ---
  duration_ms: 0.258821
  type: 'test'
  ...
# Subtest: 온라인 함정 설치 시간초과 취소는 owner·piece·deadline이 일치해야 한다
ok 218 - 온라인 함정 설치 시간초과 취소는 owner·piece·deadline이 일치해야 한다
  ---
  duration_ms: 0.196329
  type: 'test'
  ...
# Subtest: 온라인 함정 설치 시간초과 전 위조 취소는 거부한다
ok 219 - 온라인 함정 설치 시간초과 전 위조 취소는 거부한다
  ---
  duration_ms: 0.113158
  type: 'test'
  ...
# Subtest: 온라인 after_move 대기가 끝난 stale 함정 use_item은 거부한다
ok 220 - 온라인 after_move 대기가 끝난 stale 함정 use_item은 거부한다
  ---
  duration_ms: 0.110363
  type: 'test'
  ...
# Subtest: 설치된 함정은 밟지 않는 이동에는 유지되고 밟은 이동에서만 제거된다
ok 221 - 설치된 함정은 밟지 않는 이동에는 유지되고 밟은 이동에서만 제거된다
  ---
  duration_ms: 0.387711
  type: 'test'
  ...
# Subtest: 온라인 일반 roll은 클라이언트 forcedResult를 거부한다
ok 222 - 온라인 일반 roll은 클라이언트 forcedResult를 거부한다
  ---
  duration_ms: 0.124947
  type: 'test'
  ...
# Subtest: 온라인 다시 던지기는 클라이언트 replacementRoll을 거부한다
ok 223 - 온라인 다시 던지기는 클라이언트 replacementRoll을 거부한다
  ---
  duration_ms: 0.109045
  type: 'test'
  ...
# Subtest: 온라인 move는 클라이언트 extraSteps 조작을 거부한다
ok 224 - 온라인 move는 클라이언트 extraSteps 조작을 거부한다
  ---
  duration_ms: 0.089809
  type: 'test'
  ...
# Subtest: 온라인 after_move 대기 후 사용 안 함은 서버 pendingAfterMoveTurnIndex로 다음 턴 전환한다
ok 225 - 온라인 after_move 대기 후 사용 안 함은 서버 pendingAfterMoveTurnIndex로 다음 턴 전환한다
  ---
  duration_ms: 0.360692
  type: 'test'
  ...
# Subtest: 온라인 황금 윷은 사용 후 서버 선택 대기를 기록하고 선택 결과를 그대로 확정한다
ok 226 - 온라인 황금 윷은 사용 후 서버 선택 대기를 기록하고 선택 결과를 그대로 확정한다
  ---
  duration_ms: 0.284587
  type: 'test'
  ...
# Subtest: 온라인 황금 윷 선택 대기는 다른 actor의 결과 선택을 거부한다
ok 227 - 온라인 황금 윷 선택 대기는 다른 actor의 결과 선택을 거부한다
  ---
  duration_ms: 0.113843
  type: 'test'
  ...
# Subtest: 온라인 황금 윷 결과는 허용 목록의 name/steps/bonus 조합만 허용한다
ok 228 - 온라인 황금 윷 결과는 허용 목록의 name/steps/bonus 조합만 허용한다
  ---
  duration_ms: 0.096989
  type: 'test'
  ...
# Subtest: 온라인 황금 윷 선택 deadline 만료 시 서버 기본 결과로 자동 확정한다
ok 229 - 온라인 황금 윷 선택 deadline 만료 시 서버 기본 결과로 자동 확정한다
  ---
  duration_ms: 0.163368
  type: 'test'
  ...
# Subtest: 온라인 일반 roll은 황금 윷 선택 결과와 잘못된 입력 시간을 거부한다
ok 230 - 온라인 일반 roll은 황금 윷 선택 결과와 잘못된 입력 시간을 거부한다
  ---
  duration_ms: 0.099886
  type: 'test'
  ...
# Subtest: 온라인 roll은 제출된 오브 위치와 타이밍 판정이 일치해야 한다
ok 231 - 온라인 roll은 제출된 오브 위치와 타이밍 판정이 일치해야 한다
  ---
  duration_ms: 0.189217
  type: 'test'
  ...
# Subtest: 온라인 AI 누적 추가 던지기는 서버 상태 전환마다 한 action씩 진행된다
ok 232 - 온라인 AI 누적 추가 던지기는 서버 상태 전환마다 한 action씩 진행된다
  ---
  duration_ms: 0.491041
  type: 'test'
  ...
# Subtest: 온라인 AI 일반 roll 후 after_roll 선택이 끝나야 이동 action이 허용된다
ok 233 - 온라인 AI 일반 roll 후 after_roll 선택이 끝나야 이동 action이 허용된다
  ---
  duration_ms: 0.257838
  type: 'test'
  ...
# Subtest: 온라인 AI 함정은 use_item snapshot 뒤 place_trap action에서 다음 턴으로 진행된다
ok 234 - 온라인 AI 함정은 use_item snapshot 뒤 place_trap action에서 다음 턴으로 진행된다
  ---
  duration_ms: 0.282029
  type: 'test'
  ...
# Subtest: 온라인 같은 시점 아이템 발견은 교체 대기를 저장하고 기존 아이템을 보존한다
ok 235 - 온라인 같은 시점 아이템 발견은 교체 대기를 저장하고 기존 아이템을 보존한다
  ---
  duration_ms: 0.296574
  type: 'test'
  ...
# Subtest: 온라인 아이템 교체 유지 선택은 기존 아이템을 보존하고 다음 턴을 재개한다
ok 236 - 온라인 아이템 교체 유지 선택은 기존 아이템을 보존하고 다음 턴을 재개한다
  ---
  duration_ms: 0.323108
  type: 'test'
  ...
# Subtest: 온라인 아이템 교체 선택은 기존 아이템 한 개를 신규 아이템으로 바꾸고 after_move를 복원한다
ok 237 - 온라인 아이템 교체 선택은 기존 아이템 한 개를 신규 아이템으로 바꾸고 after_move를 복원한다
  ---
  duration_ms: 0.171726
  type: 'test'
  ...
# Subtest: 온라인 아이템 선택은 optimistic 처리하고 처리 중 문구 없이 방패 상태를 표시한다
ok 238 - 온라인 아이템 선택은 optimistic 처리하고 처리 중 문구 없이 방패 상태를 표시한다
  ---
  duration_ms: 4.385468
  type: 'test'
  ...
# Subtest: 헤더 종료 요청은 현재 게임 종료 다이얼로그 핸들러를 호출한다
ok 239 - 헤더 종료 요청은 현재 게임 종료 다이얼로그 핸들러를 호출한다
  ---
  duration_ms: 1.143779
  type: 'test'
  ...
# Subtest: 진행 중인 낙 프레젠테이션은 authoritative 차례가 먼저 바뀌어도 actor 화면을 유지한다
ok 240 - 진행 중인 낙 프레젠테이션은 authoritative 차례가 먼저 바뀌어도 actor 화면을 유지한다
  ---
  duration_ms: 1.37041
  type: 'test'
  ...
# Subtest: 낙 프레젠테이션 종료 후 남은 pending actor는 다음 authoritative 차례를 막지 않는다
ok 241 - 낙 프레젠테이션 종료 후 남은 pending actor는 다음 authoritative 차례를 막지 않는다
  ---
  duration_ms: 0.159304
  type: 'test'
  ...
# Subtest: 낙 프레젠테이션 종료 후 같은 actor 차례가 다시 와도 턴 표시를 단독 배지로 고정하지 않는다
ok 242 - 낙 프레젠테이션 종료 후 같은 actor 차례가 다시 와도 턴 표시를 단독 배지로 고정하지 않는다
  ---
  duration_ms: 0.118834
  type: 'test'
  ...
# Subtest: active seat 미확정 구간에서도 종료된 pending actor로 화면을 고정하지 않는다
ok 243 - active seat 미확정 구간에서도 종료된 pending actor로 화면을 고정하지 않는다
  ---
  duration_ms: 0.129315
  type: 'test'
  ...
# Subtest: 프레젠테이션 actor가 없으면 authoritative 차례를 그대로 사용한다
ok 244 - 프레젠테이션 actor가 없으면 authoritative 차례를 그대로 사용한다
  ---
  duration_ms: 0.128588
  type: 'test'
  ...
# Subtest: remote roll presentation preserves 1.4 seconds for the settled result
ok 245 - remote roll presentation preserves 1.4 seconds for the settled result
  ---
  duration_ms: 7.330141
  type: 'test'
  ...
# Subtest: stale remote animation timestamps restart from the local presentation time
ok 246 - stale remote animation timestamps restart from the local presentation time
  ---
  duration_ms: 0.310787
  type: 'test'
  ...
# Subtest: queued remote rolls use the actual execution time and lock gameplay while waiting
ok 247 - queued remote rolls use the actual execution time and lock gameplay while waiting
  ---
  duration_ms: 4.735183
  type: 'test'
  ...
# Subtest: a roll sequence keeps later animations queued until its resolved presentation finishes
ok 248 - a roll sequence keeps later animations queued until its resolved presentation finishes
  ---
  duration_ms: 1.951728
  type: 'test'
  ...
# Subtest: an active unresolved roll sequence times out and releases later animations
ok 249 - an active unresolved roll sequence times out and releases later animations
  ---
  duration_ms: 12.88946
  type: 'test'
  ...
# Subtest: game animations run strictly in enqueue order
ok 250 - game animations run strictly in enqueue order
  ---
  duration_ms: 0.527974
  type: 'test'
  ...
# Subtest: the same pending animation key is only queued once
ok 251 - the same pending animation key is only queued once
  ---
  duration_ms: 0.399674
  type: 'test'
  ...
# Subtest: a failed animation does not block animations behind it
ok 252 - a failed animation does not block animations behind it
  ---
  duration_ms: 0.965453
  type: 'test'
  ...
# Subtest: reset discards queued animations that have not started
ok 253 - reset discards queued animations that have not started
  ---
  duration_ms: 0.667613
  type: 'test'
  ...
# Subtest: an immediate remount keeps the active animation queue
ok 254 - an immediate remount keeps the active animation queue
  ---
  duration_ms: 1.322341
  type: 'test'
  ...
# Subtest: 윷 던지기 컨트롤이 준비되면 기존처럼 자동 스크롤한다
ok 255 - 윷 던지기 컨트롤이 준비되면 기존처럼 자동 스크롤한다
  ---
  duration_ms: 1.567277
  type: 'test'
  ...
# Subtest: 지름길 분기와 이동 버튼이 표시되면 roll이 있어도 자동 스크롤한다
ok 256 - 지름길 분기와 이동 버튼이 표시되면 roll이 있어도 자동 스크롤한다
  ---
  duration_ms: 0.228951
  type: 'test'
  ...
# Subtest: 분기 UI가 없거나 아직 이동할 수 없으면 이동 버튼 스크롤을 시작하지 않는다
ok 257 - 분기 UI가 없거나 아직 이동할 수 없으면 이동 버튼 스크롤을 시작하지 않는다
  ---
  duration_ms: 0.199581
  type: 'test'
  ...
# Subtest: 대기실 또는 인게임에 남아 있는 사람 방장은 활성 방장으로 판정한다
ok 258 - 대기실 또는 인게임에 남아 있는 사람 방장은 활성 방장으로 판정한다
  ---
  duration_ms: 1.451694
  type: 'test'
  ...
# Subtest: 나간 뒤 AI로 대체됐거나 방에 없는 방장은 방 삭제와 기존 종료 알림 경로를 사용한다
ok 259 - 나간 뒤 AI로 대체됐거나 방에 없는 방장은 방 삭제와 기존 종료 알림 경로를 사용한다
  ---
  duration_ms: 0.520312
  type: 'test'
  ...
# Subtest: 윷판 메시지는 일반 차례 안내를 숨기고 한 번 더 안내만 유지한다
ok 260 - 윷판 메시지는 일반 차례 안내를 숨기고 한 번 더 안내만 유지한다
  ---
  duration_ms: 0.300872
  type: 'test'
  ...
# Subtest: 강퇴 버튼은 AI 제거 버튼과 같은 높이 변수를 사용한다
ok 261 - 강퇴 버튼은 AI 제거 버튼과 같은 높이 변수를 사용한다
  ---
  duration_ms: 0.278338
  type: 'test'
  ...
# Subtest: 일반전과 아이템전의 보유 아이템 표시 상태를 분리한다
ok 262 - 일반전과 아이템전의 보유 아이템 표시 상태를 분리한다
  ---
  duration_ms: 2.596385
  type: 'test'
  ...
# Subtest: 방 정보 접기 상태를 상단과 인게임 패널이 공유한다
ok 263 - 방 정보 접기 상태를 상단과 인게임 패널이 공유한다
  ---
  duration_ms: 0.423289
  type: 'test'
  ...
# Subtest: gameplay actions wait while a roll presentation is visible
ok 264 - gameplay actions wait while a roll presentation is visible
  ---
  duration_ms: 1.177972
  type: 'test'
  ...
# Subtest: fall turn advances and bonus rerolls share the same presentation lock
ok 265 - fall turn advances and bonus rerolls share the same presentation lock
  ---
  duration_ms: 0.185551
  type: 'test'
  ...
# Subtest: all active presentation holders must release before the next action continues
ok 266 - all active presentation holders must release before the next action continues
  ---
  duration_ms: 0.185181
  type: 'test'
  ...
# Subtest: an immediate remount preserves the presentation lock
ok 267 - an immediate remount preserves the presentation lock
  ---
  duration_ms: 0.170315
  type: 'test'
  ...
# Subtest: reset releases actions waiting on a discarded presentation
ok 268 - reset releases actions waiting on a discarded presentation
  ---
  duration_ms: 0.276936
  type: 'test'
  ...
# Subtest: non-gameplay actions do not wait for a roll presentation
ok 269 - non-gameplay actions do not wait for a roll presentation
  ---
  duration_ms: 0.136904
  type: 'test'
  ...
# Subtest: a remote fall keeps the throwing opponent as the displayed turn until presentation ends
ok 270 - a remote fall keeps the throwing opponent as the displayed turn until presentation ends
  ---
  duration_ms: 2.320531
  type: 'test'
  ...
# Subtest: gameStartControllerFlow preserves every initial synced state key used by game start initialization
ok 271 - gameStartControllerFlow preserves every initial synced state key used by game start initialization
  ---
  duration_ms: 1.347838
  type: 'test'
  ...
# Subtest: 준비 누락 인원이 0명이면 준비 안내 문구를 표시하지 않는다
ok 272 - 준비 누락 인원이 0명이면 준비 안내 문구를 표시하지 않는다
  ---
  duration_ms: 1.516082
  type: 'test'
  ...
# Subtest: 준비하지 않은 좌석이 있을 때만 남은 인원 수를 표시한다
ok 273 - 준비하지 않은 좌석이 있을 때만 남은 인원 수를 표시한다
  ---
  duration_ms: 0.22323
  type: 'test'
  ...
# Subtest: 게임 시작 처리 중에는 팝업 외의 별도 안내 문구를 표시하지 않는다
ok 274 - 게임 시작 처리 중에는 팝업 외의 별도 안내 문구를 표시하지 않는다
  ---
  duration_ms: 0.244766
  type: 'test'
  ...
# Subtest: 팀 균형이 맞지 않으면 팀별 부족 인원을 표시한다
ok 275 - 팀 균형이 맞지 않으면 팀별 부족 인원을 표시한다
  ---
  duration_ms: 0.196421
  type: 'test'
  ...
# Subtest: 취소 잠금 시점은 카운트다운 종료 2초 전으로 계산한다
ok 276 - 취소 잠금 시점은 카운트다운 종료 2초 전으로 계산한다
  ---
  duration_ms: 2.230394
  type: 'test'
  ...
# Subtest: 초기 게임 상태는 취소 잠금 이후부터 카운트다운 종료 전까지만 준비한다
ok 277 - 초기 게임 상태는 취소 잠금 이후부터 카운트다운 종료 전까지만 준비한다
  ---
  duration_ms: 0.241062
  type: 'test'
  ...
# Subtest: 준비된 게임은 종료 750ms 전부터 종료 후 5초까지 활성화할 수 있다
ok 278 - 준비된 게임은 종료 750ms 전부터 종료 후 5초까지 활성화할 수 있다
  ---
  duration_ms: 0.293553
  type: 'test'
  ...
# Subtest: 같은 시작 요청은 동일한 준비 키와 mutation id를 사용한다
ok 279 - 같은 시작 요청은 동일한 준비 키와 mutation id를 사용한다
  ---
  duration_ms: 0.227747
  type: 'test'
  ...
# Subtest: 첫 번째 인간 좌석이 게임 시작 준비 coordinator가 된다
ok 280 - 첫 번째 인간 좌석이 게임 시작 준비 coordinator가 된다
  ---
  duration_ms: 0.308949
  type: 'test'
  ...
# Subtest: 순서 정하기는 게임 시작 요청 시각 8초 뒤에 시작하고 실제 턴은 아직 열지 않는다
ok 281 - 순서 정하기는 게임 시작 요청 시각 8초 뒤에 시작하고 실제 턴은 아직 열지 않는다
  ---
  duration_ms: 1.912482
  type: 'test'
  ...
# Subtest: 시작 요청 시각을 모르는 구버전 방은 인게임 진입 시각보다 일찍 시작하지 않는다
ok 282 - 시작 요청 시각을 모르는 구버전 방은 인게임 진입 시각보다 일찍 시작하지 않는다
  ---
  duration_ms: 0.367558
  type: 'test'
  ...
# Subtest: 같은 방과 시작 버전으로 생성한 준비 상태는 결정론적이다
ok 283 - 같은 방과 시작 버전으로 생성한 준비 상태는 결정론적이다
  ---
  duration_ms: 0.899993
  type: 'test'
  ...
# Subtest: 다른 방의 늦은 완료 신호는 현재 방 동기화를 해제하지 않는다
ok 284 - 다른 방의 늦은 완료 신호는 현재 방 동기화를 해제하지 않는다
  ---
  duration_ms: 2.174663
  type: 'test'
  ...
# Subtest: 최신 snapshot과 로그 적용이 끝난 뒤에만 동기화 상태를 ready로 바꾼다
ok 285 - 최신 snapshot과 로그 적용이 끝난 뒤에만 동기화 상태를 ready로 바꾼다
  ---
  duration_ms: 6.508661
  type: 'test'
  ...
# Subtest: 진행 중 방에 처음 입장할 때 game 화면 전환 전에 동기화 게이트를 시작한다
ok 286 - 진행 중 방에 처음 입장할 때 game 화면 전환 전에 동기화 게이트를 시작한다
  ---
  duration_ms: 0.976759
  type: 'test'
  ...
# Subtest: 참가자 자동 재접속도 game 화면 전환 전에 동기화 게이트를 시작한다
ok 287 - 참가자 자동 재접속도 game 화면 전환 전에 동기화 게이트를 시작한다
  ---
  duration_ms: 0.887553
  type: 'test'
  ...
# Subtest: 중복 snapshot도 listener activity callback은 매번 호출하지만 상태 적용은 한 번만 한다
ok 288 - 중복 snapshot도 listener activity callback은 매번 호출하지만 상태 적용은 한 번만 한다
  ---
  duration_ms: 6.474763
  type: 'test'
  ...
# Subtest: 같은 방의 재렌더는 listener를 다시 만들지 않고 방 변경 때만 교체한다
ok 289 - 같은 방의 재렌더는 listener를 다시 만들지 않고 방 변경 때만 교체한다
  ---
  duration_ms: 2.67826
  type: 'test'
  ...
# Subtest: Strict Mode cleanup 뒤 runtime을 재주입하면 listener 처리가 정상 재개된다
ok 290 - Strict Mode cleanup 뒤 runtime을 재주입하면 listener 처리가 정상 재개된다
  ---
  duration_ms: 7.111684
  type: 'test'
  ...
# Subtest: 동일 snapshot은 한 번만 적용하고 새 sequence는 즉시 replay한다
ok 291 - 동일 snapshot은 한 번만 적용하고 새 sequence는 즉시 replay한다
  ---
  duration_ms: 1.729575
  type: 'test'
  ...
# Subtest: 짧게 누락된 여러 sequence는 렌더 경계를 두고 한 건씩 replay한다
ok 292 - 짧게 누락된 여러 sequence는 렌더 경계를 두고 한 건씩 replay한다
  ---
  duration_ms: 30.453543
  type: 'test'
  ...
# Subtest: 큰 sequence gap은 중복 서버 조회를 피하도록 한 번에 replay한다
ok 293 - 큰 sequence gap은 중복 서버 조회를 피하도록 한 번에 replay한다
  ---
  duration_ms: 30.25478
  type: 'test'
  ...
# Subtest: 사전 준비 snapshot은 공통 카운트다운 종료 시점까지 적용을 보류한다
ok 294 - 사전 준비 snapshot은 공통 카운트다운 종료 시점까지 적용을 보류한다
  ---
  duration_ms: 81.773185
  type: 'test'
  ...
# Subtest: turnVersion이 없는 legacy snapshot도 안정적인 payload key로 중복 적용을 막는다
ok 295 - turnVersion이 없는 legacy snapshot도 안정적인 payload key로 중복 적용을 막는다
  ---
  duration_ms: 1.742419
  type: 'test'
  ...
# Subtest: golden yut picker stays dismissed when the same authoritative pending state reopens it
ok 296 - golden yut picker stays dismissed when the same authoritative pending state reopens it
  ---
  duration_ms: 1.258906
  type: 'test'
  ...
# Subtest: golden yut picker resets only after the selected roll presentation completes and pending closes
ok 297 - golden yut picker resets only after the selected roll presentation completes and pending closes
  ---
  duration_ms: 0.167637
  type: 'test'
  ...
# Subtest: closing the picker before a roll finishes does not unlock a stale duplicate popup
ok 298 - closing the picker before a roll finishes does not unlock a stale duplicate popup
  ---
  duration_ms: 0.122209
  type: 'test'
  ...
# Subtest: reads browser storage text and uses the fallback for unavailable storage
ok 299 - reads browser storage text and uses the fallback for unavailable storage
  ---
  duration_ms: 0.929537
  type: 'test'
  ...
# Subtest: keeps trap helpers and storage safety in normal TypeScript product source
ok 300 - keeps trap helpers and storage safety in normal TypeScript product source
  ---
  duration_ms: 1.916981
  type: 'test'
  ...
# Subtest: keeps the offline timeout counter aligned with the authoritative timeout policy after controller extraction
ok 301 - keeps the offline timeout counter aligned with the authoritative timeout policy after controller extraction
  ---
  duration_ms: 2.499929
  type: 'test'
  ...
# Subtest: itemControllerFlow
    # Subtest: builds authoritative skip payloads per item prompt timing
    ok 1 - builds authoritative skip payloads per item prompt timing
      ---
      duration_ms: 1.61461
      type: 'test'
      ...
    # Subtest: keeps the existing deadline transition for skipped prompts
    ok 2 - keeps the existing deadline transition for skipped prompts
      ---
      duration_ms: 0.188255
      type: 'test'
      ...
    # Subtest: accepts item prompt results only for the room that submitted the request
    ok 3 - accepts item prompt results only for the room that submitted the request
      ---
      duration_ms: 0.201957
      type: 'test'
      ...
    1..3
ok 302 - itemControllerFlow
  ---
  duration_ms: 3.060123
  type: 'suite'
  ...
# Subtest: effective move context resolves the selected and overridden stack index
ok 303 - effective move context resolves the selected and overridden stack index
  ---
  duration_ms: 0.979527
  type: 'test'
  ...
# Subtest: new prepared game state clears every pending item and movement field
ok 304 - new prepared game state clears every pending item and movement field
  ---
  duration_ms: 2.11463
  type: 'test'
  ...
# Subtest: expired item pickup is authoritatively kept and unblocks the turn
ok 305 - expired item pickup is authoritatively kept and unblocks the turn
  ---
  duration_ms: 0.690925
  type: 'test'
  ...
# Subtest: a roll expires only shields controlled by the rolling actor
ok 306 - a roll expires only shields controlled by the rolling actor
  ---
  duration_ms: 1.041137
  type: 'test'
  ...
# Subtest: fall offers only reroll and keeps the actor turn until the choice resolves
ok 307 - fall offers only reroll and keeps the actor turn until the choice resolves
  ---
  duration_ms: 0.303468
  type: 'test'
  ...
# Subtest: zero-step movement still opens an after-move shield prompt
ok 308 - zero-step movement still opens an after-move shield prompt
  ---
  duration_ms: 1.016388
  type: 'test'
  ...
# Subtest: unusable trap does not create an after-move item prompt
ok 309 - unusable trap does not create an after-move item prompt
  ---
  duration_ms: 0.525914
  type: 'test'
  ...
# Subtest: stacked movement items and reroll target the exact selected stack index
ok 310 - stacked movement items and reroll target the exact selected stack index
  ---
  duration_ms: 0.801369
  type: 'test'
  ...
# Subtest: 방 코드는 정규화 후 정확한 방 ID로 조회한다
ok 311 - 방 코드는 정규화 후 정확한 방 ID로 조회한다
  ---
  duration_ms: 1.919647
  type: 'test'
  ...
# Subtest: 비어 있거나 존재하지 않거나 종료된 방 코드는 거부한다
ok 312 - 비어 있거나 존재하지 않거나 종료된 방 코드는 거부한다
  ---
  duration_ms: 0.74412
  type: 'test'
  ...
# Subtest: local result-hold completion releases the next queued animation
ok 313 - local result-hold completion releases the next queued animation
  ---
  duration_ms: 1.664111
  type: 'test'
  ...
# Subtest: a local roll completed before its queue turn is still retained
ok 314 - a local roll completed before its queue turn is still retained
  ---
  duration_ms: 0.387101
  type: 'test'
  ...
# Subtest: an interrupted nonterminal remote roll remains queued until its authoritative fall resolves
ok 315 - an interrupted nonterminal remote roll remains queued until its authoritative fall resolves
  ---
  duration_ms: 1.313952
  type: 'test'
  ...
# Subtest: 완주 경로는 출발점에서 끊고 이후 말판 칸을 포함하지 않는다
ok 316 - 완주 경로는 출발점에서 끊고 이후 말판 칸을 포함하지 않는다
  ---
  duration_ms: 1.385661
  type: 'test'
  ...
# Subtest: 출발점에 도착해 있던 말의 다음 양수 이동은 즉시 완주 경로가 된다
ok 317 - 출발점에 도착해 있던 말의 다음 양수 이동은 즉시 완주 경로가 된다
  ---
  duration_ms: 0.188178
  type: 'test'
  ...
# Subtest: 서버 이동 payload는 마지막 말판 칸 뒤에 finish 단계를 전달한다
ok 318 - 서버 이동 payload는 마지막 말판 칸 뒤에 finish 단계를 전달한다
  ---
  duration_ms: 1.788561
  type: 'test'
  ...
# Subtest: authoritative final frame cannot overtake unfinished local move frames
ok 319 - authoritative final frame cannot overtake unfinished local move frames
  ---
  duration_ms: 2.081168
  type: 'test'
  ...
# Subtest: accepted local frames update only the moving group and keep capture targets on the board
ok 320 - accepted local frames update only the moving group and keep capture targets on the board
  ---
  duration_ms: 0.587329
  type: 'test'
  ...
# Subtest: one-step authoritative landing is allowed but non-moving pieces stay frozen until settlement
ok 321 - one-step authoritative landing is allowed but non-moving pieces stay frozen until settlement
  ---
  duration_ms: 0.318389
  type: 'test'
  ...
# Subtest: finish transition and capture signature are deterministic
ok 322 - finish transition and capture signature are deterministic
  ---
  duration_ms: 1.684981
  type: 'test'
  ...
# Subtest: move finalization infers delayed multi-piece capture
ok 323 - move finalization infers delayed multi-piece capture
  ---
  duration_ms: 2.855956
  type: 'test'
  ...
# Subtest: stack sound plays only for a final join with a stationary same-side piece
ok 324 - stack sound plays only for a final join with a stationary same-side piece
  ---
  duration_ms: 0.47122
  type: 'test'
  ...
# Subtest: moving an existing stack to an empty node does not create a new stack
ok 325 - moving an existing stack to an empty node does not create a new stack
  ---
  duration_ms: 0.362168
  type: 'test'
  ...
# Subtest: passing over a same-side piece does not create a final stack
ok 326 - passing over a same-side piece does not create a final stack
  ---
  duration_ms: 1.809701
  type: 'test'
  ...
# Subtest: move finalization drives inferred capture presentation and confirmed stack audio
ok 327 - move finalization drives inferred capture presentation and confirmed stack audio
  ---
  duration_ms: 1.459232
  type: 'test'
  ...
# Subtest: .tmp-unit-tests/tests/unit/nicknameValidation.test.js
ok 63 - .tmp-unit-tests/tests/unit/nicknameValidation.test.js
  ---
  duration_ms: 35.230023
  type: 'test'
  ...
# Subtest: 기존 coordinator가 계속 human이면 재접속한 앞 좌석보다 기존 coordinator를 유지한다
ok 329 - 기존 coordinator가 계속 human이면 재접속한 앞 좌석보다 기존 coordinator를 유지한다
  ---
  duration_ms: 1.521251
  type: 'test'
  ...
# Subtest: 기존 coordinator가 AI로 대체되면 다음 human에게 승계한다
ok 330 - 기존 coordinator가 AI로 대체되면 다음 human에게 승계한다
  ---
  duration_ms: 0.217988
  type: 'test'
  ...
# Subtest: 방패와 함정 사용은 optimistic UI를 유지하되 후속 턴 액션을 차단한다
ok 331 - 방패와 함정 사용은 optimistic UI를 유지하되 후속 턴 액션을 차단한다
  ---
  duration_ms: 1.117113
  type: 'test'
  ...
# Subtest: 말 이동 후 아이템 사용 안 함은 서버 확정 전 후속 턴 액션을 차단한다
ok 332 - 말 이동 후 아이템 사용 안 함은 서버 확정 전 후속 턴 액션을 차단한다
  ---
  duration_ms: 0.30635
  type: 'test'
  ...
# Subtest: 윷 던지기 전후 아이템 사용 안 함은 비차단 optimistic 요청을 유지한다
ok 333 - 윷 던지기 전후 아이템 사용 안 함은 비차단 optimistic 요청을 유지한다
  ---
  duration_ms: 0.319768
  type: 'test'
  ...
# Subtest: 다시 던지기 등 턴을 계속하는 아이템은 비차단 optimistic 요청을 유지한다
ok 334 - 다시 던지기 등 턴을 계속하는 아이템은 비차단 optimistic 요청을 유지한다
  ---
  duration_ms: 0.222241
  type: 'test'
  ...
# Subtest: 아이템 외 요청의 pending 정책은 변경하지 않는다
ok 335 - 아이템 외 요청의 pending 정책은 변경하지 않는다
  ---
  duration_ms: 0.29886
  type: 'test'
  ...
# Subtest: after-move item actions block the next turn action until authoritative confirmation
ok 336 - after-move item actions block the next turn action until authoritative confirmation
  ---
  duration_ms: 1.173586
  type: 'test'
  ...
# Subtest: 판 위 말이 있어도 높은 번호 출발 전 말을 누르면 제어 가능한 출발 전 말 전체를 선택 표시한다
ok 337 - 판 위 말이 있어도 높은 번호 출발 전 말을 누르면 제어 가능한 출발 전 말 전체를 선택 표시한다
  ---
  duration_ms: 8.990897
  type: 'test'
  ...
# Subtest: 출발 전 말 그룹의 실제 이동 대상은 항상 label 숫자 오름차순 첫 번째 말이다
ok 338 - 출발 전 말 그룹의 실제 이동 대상은 항상 label 숫자 오름차순 첫 번째 말이다
  ---
  duration_ms: 0.263383
  type: 'test'
  ...
# Subtest: 상대편 말과 완주 말은 출발 전 선택 그룹에서 제외한다
ok 339 - 상대편 말과 완주 말은 출발 전 선택 그룹에서 제외한다
  ---
  duration_ms: 0.227597
  type: 'test'
  ...
# Subtest: 판 위 업힌 말 선택은 같은 위치의 같은 편 전체를 유지하고 빽도는 출발 전 말을 이동 대상으로 고르지 않는다
ok 340 - 판 위 업힌 말 선택은 같은 위치의 같은 편 전체를 유지하고 빽도는 출발 전 말을 이동 대상으로 고르지 않는다
  ---
  duration_ms: 0.23674
  type: 'test'
  ...
# Subtest: AI 대체 세대가 달라지면 복구 요청 key도 달라진다
ok 341 - AI 대체 세대가 달라지면 복구 요청 key도 달라진다
  ---
  duration_ms: 1.443336
  type: 'test'
  ...
# Subtest: 같은 방과 사용자에서 더 새로운 presence epoch로 player 복구된 경우만 결과를 적용한다
ok 342 - 같은 방과 사용자에서 더 새로운 presence epoch로 player 복구된 경우만 결과를 적용한다
  ---
  duration_ms: 0.308184
  type: 'test'
  ...
# Subtest: AI sequence 회귀 QA는 대상 이동 검증 전에 비결정적 순서 정하기 동률을 제거한다
ok 343 - AI sequence 회귀 QA는 대상 이동 검증 전에 비결정적 순서 정하기 동률을 제거한다
  ---
  duration_ms: 1.593007
  type: 'test'
  ...
# Subtest: WebKit 타이밍 QA는 방 cleanup 권한용 Firebase Auth 토큰을 실제 준비 조건으로 polling한다
ok 344 - WebKit 타이밍 QA는 방 cleanup 권한용 Firebase Auth 토큰을 실제 준비 조건으로 polling한다
  ---
  duration_ms: 0.433638
  type: 'test'
  ...
# Subtest: 같은 아이템을 여러 개 보유한 경우 한 개 감소를 정확히 감지한다
ok 345 - 같은 아이템을 여러 개 보유한 경우 한 개 감소를 정확히 감지한다
  ---
  duration_ms: 2.14839
  type: 'test'
  ...
# Subtest: 로컬 플레이어 소비는 상대 아이템 사용 알림 대상으로 처리하지 않는다
ok 346 - 로컬 플레이어 소비는 상대 아이템 사용 알림 대상으로 처리하지 않는다
  ---
  duration_ms: 0.359861
  type: 'test'
  ...
# Subtest: 상대 플레이어가 소비한 아이템과 좌석을 반환한다
ok 347 - 상대 플레이어가 소비한 아이템과 좌석을 반환한다
  ---
  duration_ms: 0.205014
  type: 'test'
  ...
# Subtest: 상대 보유 아이템이 늘어난 경우 사용으로 오인하지 않는다
ok 348 - 상대 보유 아이템이 늘어난 경우 사용으로 오인하지 않는다
  ---
  duration_ms: 0.193514
  type: 'test'
  ...
# Subtest: normalizes Error instances for render recovery diagnostics
ok 349 - normalizes Error instances for render recovery diagnostics
  ---
  duration_ms: 1.316421
  type: 'test'
  ...
# Subtest: normalizes non-Error render failures without throwing
ok 350 - normalizes non-Error render failures without throwing
  ---
  duration_ms: 0.725656
  type: 'test'
  ...
# Subtest: keeps unknown persisted item keys from crashing render-time definition lookups
ok 351 - keeps unknown persisted item keys from crashing render-time definition lookups
  ---
  duration_ms: 1.242535
  type: 'test'
  ...
# Subtest: uses preference fallbacks when browser storage access throws
ok 352 - uses preference fallbacks when browser storage access throws
  ---
  duration_ms: 0.319708
  type: 'test'
  ...
# Subtest: 다음 task에서도 시계가 같으면 다시 대기하고 증가한 뒤에만 완료한다
ok 353 - 다음 task에서도 시계가 같으면 다시 대기하고 증가한 뒤에만 완료한다
  ---
  duration_ms: 1.144774
  type: 'test'
  ...
# Subtest: remote roll presentation waits for the Three.js renderer settled signal and then holds the result
ok 354 - remote roll presentation waits for the Three.js renderer settled signal and then holds the result
  ---
  duration_ms: 1.161682
  type: 'test'
  ...
# Subtest: queued remote roll keeps the presentation lock until the renderer settles
ok 355 - queued remote roll keeps the presentation lock until the renderer settles
  ---
  duration_ms: 5.201264
  type: 'test'
  ...
# Subtest: watchdog reveals the result only through the explicit abnormal completion path
ok 356 - watchdog reveals the result only through the explicit abnormal completion path
  ---
  duration_ms: 0.956416
  type: 'test'
  ...
# Subtest: presentation completion can be cancelled without waiting for the result hold
ok 357 - presentation completion can be cancelled without waiting for the result hold
  ---
  duration_ms: 0.374409
  type: 'test'
  ...
# Subtest: 도·개·걸 결과는 이동 칸 수를 함께 표시한다
ok 358 - 도·개·걸 결과는 이동 칸 수를 함께 표시한다
  ---
  duration_ms: 2.306945
  type: 'test'
  ...
# Subtest: 윷·모와 빽도는 보너스·후진 의미를 구분한다
ok 359 - 윷·모와 빽도는 보너스·후진 의미를 구분한다
  ---
  duration_ms: 0.262447
  type: 'test'
  ...
# Subtest: 낙과 순서 결정은 이동 설명보다 우선한다
ok 360 - 낙과 순서 결정은 이동 설명보다 우선한다
  ---
  duration_ms: 0.277135
  type: 'test'
  ...
# Subtest: 레거시 Normal 온라인 윷 액션은 Bad로 변환한다
ok 361 - 레거시 Normal 온라인 윷 액션은 Bad로 변환한다
  ---
  duration_ms: 1.782953
  type: 'test'
  ...
# Subtest: 새 타이밍 등급과 다른 액션은 변경하지 않는다
ok 362 - 새 타이밍 등급과 다른 액션은 변경하지 않는다
  ---
  duration_ms: 0.188299
  type: 'test'
  ...
# Subtest: authoritative 윷 처리에서 nice 타이밍 등급을 허용한다
ok 363 - authoritative 윷 처리에서 nice 타이밍 등급을 허용한다
  ---
  duration_ms: 2.49223
  type: 'test'
  ...
# Subtest: authoritative 윷 처리에서 bad 타이밍 등급을 허용한다
ok 364 - authoritative 윷 처리에서 bad 타이밍 등급을 허용한다
  ---
  duration_ms: 0.228615
  type: 'test'
  ...
# Subtest: 레거시 Normal 타이밍 등급은 authoritative 경계에서 Bad로 정규화한다
ok 365 - 레거시 Normal 타이밍 등급은 authoritative 경계에서 Bad로 정규화한다
  ---
  duration_ms: 0.305298
  type: 'test'
  ...
# Subtest: 화면의 2초 왕복 주기와 타이밍 위치 계산이 일치한다
ok 366 - 화면의 2초 왕복 주기와 타이밍 위치 계산이 일치한다
  ---
  duration_ms: 1.213778
  type: 'test'
  ...
# Subtest: Perfect, Nice, Good, Bad 경계값을 빠짐없이 판정한다
ok 367 - Perfect, Nice, Good, Bad 경계값을 빠짐없이 판정한다
  ---
  duration_ms: 0.353455
  type: 'test'
  ...
# Subtest: 타이밍 등급별 낙 확률을 적용한다
ok 368 - 타이밍 등급별 낙 확률을 적용한다
  ---
  duration_ms: 0.20061
  type: 'test'
  ...
# Subtest: 레거시 Normal은 새 등급을 추가하지 않고 Bad로 처리한다
ok 369 - 레거시 Normal은 새 등급을 추가하지 않고 Bad로 처리한다
  ---
  duration_ms: 1.232713
  type: 'test'
  ...
# Subtest: 쉬움 AI는 10/20/50/20 비율의 경계로 등급을 고른다
ok 370 - 쉬움 AI는 10/20/50/20 비율의 경계로 등급을 고른다
  ---
  duration_ms: 0.258242
  type: 'test'
  ...
# Subtest: 어려움 AI는 30/40/20/10 비율의 경계로 등급을 고른다
ok 371 - 어려움 AI는 30/40/20/10 비율의 경계로 등급을 고른다
  ---
  duration_ms: 0.233162
  type: 'test'
  ...
# Subtest: Nice, Good, Bad는 같은 일반 윷 결과 확률 경로를 사용한다
ok 372 - Nice, Good, Bad는 같은 일반 윷 결과 확률 경로를 사용한다
  ---
  duration_ms: 0.392315
  type: 'test'
  ...
# Subtest: Perfect의 기존 윷·모 강화 결과 경계를 유지한다
ok 373 - Perfect의 기존 윷·모 강화 결과 경계를 유지한다
  ---
  duration_ms: 0.33983
  type: 'test'
  ...
# Subtest: 미완료 상대 낙 입력이 null로 끊겨도 표시를 유지하며 authoritative 결과를 기다린다
ok 374 - 미완료 상대 낙 입력이 null로 끊겨도 표시를 유지하며 authoritative 결과를 기다린다
  ---
  duration_ms: 1.116171
  type: 'test'
  ...
# Subtest: 대기 중인 표시 세션은 같은 id의 authoritative 낙 결과로 이어진다
ok 375 - 대기 중인 표시 세션은 같은 id의 authoritative 낙 결과로 이어진다
  ---
  duration_ms: 0.262892
  type: 'test'
  ...
# Subtest: 로컬 result-hold가 끝난 뒤의 null만 라이브 시퀀스 정상 완료로 처리한다
ok 376 - 로컬 result-hold가 끝난 뒤의 null만 라이브 시퀀스 정상 완료로 처리한다
  ---
  duration_ms: 0.219992
  type: 'test'
  ...
# Subtest: 완료된 표시 세션만 후속 null에서 화면 제거를 허용한다
ok 377 - 완료된 표시 세션만 후속 null에서 화면 제거를 허용한다
  ---
  duration_ms: 0.273113
  type: 'test'
  ...
# Subtest: 새 animation id는 이전 대기 세션과 섞이지 않는 독립 세션을 만든다
ok 378 - 새 animation id는 이전 대기 세션과 섞이지 않는 독립 세션을 만든다
  ---
  duration_ms: 0.231792
  type: 'test'
  ...
# Subtest: roll-derived UI remains hidden until the presented result has settled
ok 379 - roll-derived UI remains hidden until the presented result has settled
  ---
  duration_ms: 1.544285
  type: 'test'
  ...
# Subtest: authoritative stack and logs are deferred for a new or queued presentation
ok 380 - authoritative stack and logs are deferred for a new or queued presentation
  ---
  duration_ms: 0.35708
  type: 'test'
  ...
# Subtest: 결과 표시가 끝난 같은 animation id는 presentation 종료 후에도 지연 잠금을 해제한다
ok 381 - 결과 표시가 끝난 같은 animation id는 presentation 종료 후에도 지연 잠금을 해제한다
  ---
  duration_ms: 0.269703
  type: 'test'
  ...
# Subtest: 완료된 이전 ID가 있어도 새 animation은 presentation 시작 전까지 계속 지연한다
ok 382 - 완료된 이전 ID가 있어도 새 animation은 presentation 시작 전까지 계속 지연한다
  ---
  duration_ms: 0.184003
  type: 'test'
  ...
# Subtest: 윷과 모는 결과가 노출된 뒤 긍정 효과음을 선택한다
ok 383 - 윷과 모는 결과가 노출된 뒤 긍정 효과음을 선택한다
  ---
  duration_ms: 1.101408
  type: 'test'
  ...
# Subtest: 착지 시점에는 낙이 있어도 roll 효과음이 먼저 재생된다
ok 384 - 착지 시점에는 낙이 있어도 roll 효과음이 먼저 재생된다
  ---
  duration_ms: 0.20319
  type: 'test'
  ...
# Subtest: 회전과 낙하 중에는 결과 효과음을 재생하지 않는다
ok 385 - 회전과 낙하 중에는 결과 효과음을 재생하지 않는다
  ---
  duration_ms: 0.231191
  type: 'test'
  ...
# Subtest: 순서 정하기 굴림에는 게임 결과 전용음을 적용하지 않는다
ok 386 - 순서 정하기 굴림에는 게임 결과 전용음을 적용하지 않는다
  ---
  duration_ms: 0.162121
  type: 'test'
  ...
# Subtest: Perfect는 일반 굴림에서만 최상위 효과음을 사용한다
ok 387 - Perfect는 일반 굴림에서만 최상위 효과음을 사용한다
  ---
  duration_ms: 0.174352
  type: 'test'
  ...
# Subtest: 착지 효과음은 착지 phase의 충돌 진행률 기준 지연을 사용한다
ok 388 - 착지 효과음은 착지 phase의 충돌 진행률 기준 지연을 사용한다
  ---
  duration_ms: 1.516141
  type: 'test'
  ...
# Subtest: 게임 결과 음성 대상 문구를 정규화한다
ok 389 - 게임 결과 음성 대상 문구를 정규화한다
  ---
  duration_ms: 1.137571
  type: 'test'
  ...
# Subtest: 낙 표시의 느낌표와 공백을 제거한다
ok 390 - 낙 표시의 느낌표와 공백을 제거한다
  ---
  duration_ms: 0.147323
  type: 'test'
  ...
# Subtest: 지원하지 않는 결과 문구는 읽지 않는다
ok 391 - 지원하지 않는 결과 문구는 읽지 않는다
  ---
  duration_ms: 0.15784
  type: 'test'
  ...
# Subtest: RollStage는 입력 snapshot과 화면 표시 수명주기를 presentation session으로 분리한다
ok 392 - RollStage는 입력 snapshot과 화면 표시 수명주기를 presentation session으로 분리한다
  ---
  duration_ms: 1.642872
  type: 'test'
  ...
# Subtest: 미완료 입력이 null로 끊기면 presentAnimation null보다 먼저 표시 유지 안전장치를 적용한다
ok 393 - 미완료 입력이 null로 끊기면 presentAnimation null보다 먼저 표시 유지 안전장치를 적용한다
  ---
  duration_ms: 0.292286
  type: 'test'
  ...
# Subtest: 표시 완료와 취소는 명시적인 session terminal 상태에서만 처리한다
ok 394 - 표시 완료와 취소는 명시적인 session terminal 상태에서만 처리한다
  ---
  duration_ms: 0.279997
  type: 'test'
  ...
# Subtest: authoritative 결과가 유실되어 sequence가 취소되면 보존 프레임을 제거하고 다음 큐를 해제한다
ok 395 - authoritative 결과가 유실되어 sequence가 취소되면 보존 프레임을 제거하고 다음 큐를 해제한다
  ---
  duration_ms: 0.216228
  type: 'test'
  ...
# Subtest: 상태 머신 단위 테스트는 appState의 TSX·DOM·Firebase 의존 그래프를 가져오지 않는다
ok 396 - 상태 머신 단위 테스트는 appState의 TSX·DOM·Firebase 의존 그래프를 가져오지 않는다
  ---
  duration_ms: 0.262798
  type: 'test'
  ...
# Subtest: 타이밍 판정은 pointerup 순간 화면 좌표를 먼저 확정하고 후속 click 중복을 차단한다
ok 397 - 타이밍 판정은 pointerup 순간 화면 좌표를 먼저 확정하고 후속 click 중복을 차단한다
  ---
  duration_ms: 1.348973
  type: 'test'
  ...
# Subtest: 시간초과 roll은 deadline의 실제 화면 위치를 멈춘 뒤 네트워크 유예 후 제출한다
ok 398 - 시간초과 roll은 deadline의 실제 화면 위치를 멈춘 뒤 네트워크 유예 후 제출한다
  ---
  duration_ms: 0.342308
  type: 'test'
  ...
# Subtest: 멈춘 타이밍 위치를 정확히 1초간 유지한다
ok 399 - 멈춘 타이밍 위치를 정확히 1초간 유지한다
  ---
  duration_ms: 1.479014
  type: 'test'
  ...
# Subtest: 원본 타이밍 막대의 화면 좌표와 크기로 고정 오버레이를 배치한다
ok 400 - 원본 타이밍 막대의 화면 좌표와 크기로 고정 오버레이를 배치한다
  ---
  duration_ms: 0.978206
  type: 'test'
  ...
# Subtest: 화면에 보이는 구슬 중심 좌표를 막대 기준 퍼센트로 계산한다
ok 401 - 화면에 보이는 구슬 중심 좌표를 막대 기준 퍼센트로 계산한다
  ---
  duration_ms: 0.887911
  type: 'test'
  ...
# Subtest: 화면 좌표 판정은 등급 경계와 일치한다
ok 402 - 화면 좌표 판정은 등급 경계와 일치한다
  ---
  duration_ms: 0.298584
  type: 'test'
  ...
# Subtest: track의 실제 화면 위치와 변환 전 layout 원점 차이를 픽셀 고정값으로 계산한다
ok 403 - track의 실제 화면 위치와 변환 전 layout 원점 차이를 픽셀 고정값으로 계산한다
  ---
  duration_ms: 0.150744
  type: 'test'
  ...
# Subtest: 일반 AI 좌석도 로비 현재 인원에 포함하되 참가자 ID에는 넣지 않는다
ok 404 - 일반 AI 좌석도 로비 현재 인원에 포함하되 참가자 ID에는 넣지 않는다
  ---
  duration_ms: 2.240273
  type: 'test'
  ...
# Subtest: 사람과 AI가 정원을 모두 차지하면 외부 사용자에게 full 상태로 분류한다
ok 405 - 사람과 AI가 정원을 모두 차지하면 외부 사용자에게 full 상태로 분류한다
  ---
  duration_ms: 0.23931
  type: 'test'
  ...
# Subtest: 정원이 찬 방의 기존 참가자는 자신의 방을 계속 확인할 수 있다
ok 406 - 정원이 찬 방의 기존 참가자는 자신의 방을 계속 확인할 수 있다
  ---
  duration_ms: 0.314646
  type: 'test'
  ...
# Subtest: 3분 유예가 만료된 AI 전용 방은 인원 수와 무관하게 숨긴다
ok 407 - 3분 유예가 만료된 AI 전용 방은 인원 수와 무관하게 숨긴다
  ---
  duration_ms: 0.228826
  type: 'test'
  ...
# Subtest: 정원 초과 오류만 팝업 대상으로 식별한다
ok 408 - 정원 초과 오류만 팝업 대상으로 식별한다
  ---
  duration_ms: 0.322168
  type: 'test'
  ...
# Subtest: 사람 플레이어가 한 명 이상 있는 정상 대기 방은 AI 좌석까지 인원에 포함해 표시한다
ok 409 - 사람 플레이어가 한 명 이상 있는 정상 대기 방은 AI 좌석까지 인원에 포함해 표시한다
  ---
  duration_ms: 2.31376
  type: 'test'
  ...
# Subtest: 관전자만 남아 있어도 활성 인간이므로 방을 표시한다
ok 410 - 관전자만 남아 있어도 활성 인간이므로 방을 표시한다
  ---
  duration_ms: 0.361313
  type: 'test'
  ...
# Subtest: 아직 유예 시각이 기록되지 않은 AI 전용 방도 reconciliation 전에는 표시한다
ok 411 - 아직 유예 시각이 기록되지 않은 AI 전용 방도 reconciliation 전에는 표시한다
  ---
  duration_ms: 1.303536
  type: 'test'
  ...
# Subtest: 다른 사용자의 AI 대체 자리만 남은 방도 3분 유예 중에는 관전 입장을 위해 표시한다
ok 412 - 다른 사용자의 AI 대체 자리만 남은 방도 3분 유예 중에는 관전 입장을 위해 표시한다
  ---
  duration_ms: 0.197056
  type: 'test'
  ...
# Subtest: 현재 사용자의 AI 대체 자리가 남은 진행 방은 복귀 대상으로 표시한다
ok 413 - 현재 사용자의 AI 대체 자리가 남은 진행 방은 복귀 대상으로 표시한다
  ---
  duration_ms: 0.318625
  type: 'test'
  ...
# Subtest: 강제 종료로 emptySince가 없어도 마지막 heartbeat 기준 유예가 끝나면 숨긴다
ok 414 - 강제 종료로 emptySince가 없어도 마지막 heartbeat 기준 유예가 끝나면 숨긴다
  ---
  duration_ms: 0.18766
  type: 'test'
  ...
# Subtest: 현재 사용자 문서가 남아 있어도 heartbeat가 stale이고 유예가 끝났으면 숨긴다
ok 415 - 현재 사용자 문서가 남아 있어도 heartbeat가 stale이고 유예가 끝났으면 숨긴다
  ---
  duration_ms: 0.224671
  type: 'test'
  ...
# Subtest: 활성 인간이 없는 상태로 3분이 지난 방은 목록에서 숨긴다
ok 416 - 활성 인간이 없는 상태로 3분이 지난 방은 목록에서 숨긴다
  ---
  duration_ms: 0.12558
  type: 'test'
  ...
# Subtest: 정상 종료된 방도 활성 인간이 남아 있으면 대기실 복귀를 위해 표시한다
ok 417 - 정상 종료된 방도 활성 인간이 남아 있으면 대기실 복귀를 위해 표시한다
  ---
  duration_ms: 0.29382
  type: 'test'
  ...
# Subtest: 가득 찬 대기 방은 기존 참가자가 아니면 숨긴다
ok 418 - 가득 찬 대기 방은 기존 참가자가 아니면 숨긴다
  ---
  duration_ms: 0.400093
  type: 'test'
  ...
# Subtest: 삭제 중·시스템 상태 또는 잘못된 정원 정보의 방은 숨긴다
ok 419 - 삭제 중·시스템 상태 또는 잘못된 정원 정보의 방은 숨긴다
  ---
  duration_ms: 0.313168
  type: 'test'
  ...
# Subtest: 일반 방은 최대 3개, QA 방은 최대 8개로 제한한다
ok 420 - 일반 방은 최대 3개, QA 방은 최대 8개로 제한한다
  ---
  duration_ms: 1.07491
  type: 'test'
  ...
# Subtest: QA 제목만으로는 QA 방으로 생성하지 않고 유효한 Run ID가 필요하다
ok 421 - QA 제목만으로는 QA 방으로 생성하지 않고 유효한 Run ID가 필요하다
  ---
  duration_ms: 0.446729
  type: 'test'
  ...
# Subtest: 유효한 QA 컨텍스트는 Run ID와 역할을 정규화한다
ok 422 - 유효한 QA 컨텍스트는 Run ID와 역할을 정규화한다
  ---
  duration_ms: 1.07967
  type: 'test'
  ...
# Subtest: 신규 필드와 레거시 필드 모두 QA 방을 식별한다
ok 423 - 신규 필드와 레거시 필드 모두 QA 방을 식별한다
  ---
  duration_ms: 0.291406
  type: 'test'
  ...
# Subtest: 방 제목 비교 키는 앞뒤 공백과 대소문자를 정규화한다
ok 424 - 방 제목 비교 키는 앞뒤 공백과 대소문자를 정규화한다
  ---
  duration_ms: 0.229389
  type: 'test'
  ...
# Subtest: 활성 lease는 현재 owner만 같은 epoch로 갱신한다
ok 425 - 활성 lease는 현재 owner만 같은 epoch로 갱신한다
  ---
  duration_ms: 1.927956
  type: 'test'
  ...
# Subtest: 만료되거나 부적격한 owner는 새 human이 더 높은 epoch로 승계한다
ok 426 - 만료되거나 부적격한 owner는 새 human이 더 높은 epoch로 승계한다
  ---
  duration_ms: 0.295185
  type: 'test'
  ...
# Subtest: AI, 자동 플레이 중인 human 또는 존재하지 않는 좌석은 lease를 획득하지 못한다
ok 427 - AI, 자동 플레이 중인 human 또는 존재하지 않는 좌석은 lease를 획득하지 못한다
  ---
  duration_ms: 0.316568
  type: 'test'
  ...
# Subtest: owner와 epoch가 같고 만료 전인 token만 coordinator write에 유효하다
ok 428 - owner와 epoch가 같고 만료 전인 token만 coordinator write에 유효하다
  ---
  duration_ms: 0.299139
  type: 'test'
  ...
# Subtest: Firestore Timestamp 형태 lease 만료 시각을 밀리초로 정규화한다
ok 429 - Firestore Timestamp 형태 lease 만료 시각을 밀리초로 정규화한다
  ---
  duration_ms: 0.300333
  type: 'test'
  ...
# Subtest: 방 생성 전 기존 모든 방을 중복 없이 병렬 정리한다
ok 430 - 방 생성 전 기존 모든 방을 중복 없이 병렬 정리한다
  ---
  duration_ms: 2.397408
  type: 'test'
  ...
# Subtest: AI가 대신 진행 중인 복귀 가능 방은 새 방 생성 전 정리에서 제외한다
ok 431 - AI가 대신 진행 중인 복귀 가능 방은 새 방 생성 전 정리에서 제외한다
  ---
  duration_ms: 0.272368
  type: 'test'
  ...
# Subtest: 기존 방 하나의 퇴장이 실패해도 모든 독립 퇴장을 시작한 뒤 오류를 전달한다
ok 432 - 기존 방 하나의 퇴장이 실패해도 모든 독립 퇴장을 시작한 뒤 오류를 전달한다
  ---
  duration_ms: 0.553297
  type: 'test'
  ...
# Subtest: 정상 방 생성은 정규화한 제목과 현재 사용자로 createRoom을 호출하고 onRoomCreated를 한 번 호출한다
ok 433 - 정상 방 생성은 정규화한 제목과 현재 사용자로 createRoom을 호출하고 onRoomCreated를 한 번 호출한다
  ---
  duration_ms: 4.234443
  type: 'test'
  ...
# Subtest: 현재 사용자가 없으면 익명 인증 후 rememberUser와 createRoom을 순서대로 수행한다
ok 434 - 현재 사용자가 없으면 익명 인증 후 rememberUser와 createRoom을 순서대로 수행한다
  ---
  duration_ms: 0.718342
  type: 'test'
  ...
# Subtest: 인증 timeout은 생성 실패 notice를 표시하고 pending 요청을 정리한다
ok 435 - 인증 timeout은 생성 실패 notice를 표시하고 pending 요청을 정리한다
  ---
  duration_ms: 0.536286
  type: 'test'
  ...
# Subtest: create timeout 후 요청과 host가 일치하는 방을 찾으면 복구 메시지와 함께 대기실 이동을 호출한다
ok 436 - create timeout 후 요청과 host가 일치하는 방을 찾으면 복구 메시지와 함께 대기실 이동을 호출한다
  ---
  duration_ms: 0.685905
  type: 'test'
  ...
# Subtest: create timeout 후 방을 찾지 못하면 같은 요청 재시도 안내를 남기고 identity를 유지한다
ok 437 - create timeout 후 방을 찾지 못하면 같은 요청 재시도 안내를 남기고 identity를 유지한다
  ---
  duration_ms: 10002.096862
  type: 'test'
  ...
# Subtest: 동일 제목 재시도는 request identity를 재사용하고 다른 제목은 새 identity를 만든다
ok 438 - 동일 제목 재시도는 request identity를 재사용하고 다른 제목은 새 identity를 만든다
  ---
  duration_ms: 0.862069
  type: 'test'
  ...
# Subtest: 닉네임 공백은 방 생성을 차단한다
ok 439 - 닉네임 공백은 방 생성을 차단한다
  ---
  duration_ms: 0.294798
  type: 'test'
  ...
# Subtest: Firebase 미설정은 createRoom 없이 기존 오류 메시지를 표시하고 pending을 정리한다
ok 440 - Firebase 미설정은 createRoom 없이 기존 오류 메시지를 표시하고 pending을 정리한다
  ---
  duration_ms: 0.254445
  type: 'test'
  ...
# Subtest: 일반 실패 후 pending 요청과 loading message를 정리한다
ok 441 - 일반 실패 후 pending 요청과 loading message를 정리한다
  ---
  duration_ms: 0.718762
  type: 'test'
  ...
# Subtest: 방 생성 timeout 복구는 일시 조회 오류와 null 이후 같은 생성 요청을 다시 찾아낸다
ok 442 - 방 생성 timeout 복구는 일시 조회 오류와 null 이후 같은 생성 요청을 다시 찾아낸다
  ---
  duration_ms: 1.63097
  type: 'test'
  ...
# Subtest: 방 생성 timeout 복구는 완료되지 않는 조회를 제한하고 다음 polling에서 같은 생성 요청을 찾는다
ok 443 - 방 생성 timeout 복구는 완료되지 않는 조회를 제한하고 다음 polling에서 같은 생성 요청을 찾는다
  ---
  duration_ms: 5.226626
  type: 'test'
  ...
# Subtest: 방 생성 timeout 복구는 다른 host 또는 request 방을 무시하고 정확한 방까지 재조회한다
ok 444 - 방 생성 timeout 복구는 다른 host 또는 request 방을 무시하고 정확한 방까지 재조회한다
  ---
  duration_ms: 0.511774
  type: 'test'
  ...
# Subtest: 방 생성 commit 후 모호한 오류가 반환돼도 같은 생성 요청 방으로 복구한다
ok 445 - 방 생성 commit 후 모호한 오류가 반환돼도 같은 생성 요청 방으로 복구한다
  ---
  duration_ms: 1.132746
  type: 'test'
  ...
# Subtest: 로그인과 방 생성 timeout은 각 작업마다 독립적으로 새로 시작한다
ok 446 - 로그인과 방 생성 timeout은 각 작업마다 독립적으로 새로 시작한다
  ---
  duration_ms: 29.493383
  type: 'test'
  ...
# Subtest: 작업 제한 시간이 지나면 작업 종류가 포함된 timeout 오류를 반환한다
ok 447 - 작업 제한 시간이 지나면 작업 종류가 포함된 timeout 오류를 반환한다
  ---
  duration_ms: 5.80863
  type: 'test'
  ...
# Subtest: 브라우저 timeout callback이 지연돼도 화면 frame의 절대 deadline으로 종료한다
ok 448 - 브라우저 timeout callback이 지연돼도 화면 frame의 절대 deadline으로 종료한다
  ---
  duration_ms: 0.634563
  type: 'test'
  ...
# Subtest: timeout callback이 deadline보다 일찍 실행되면 남은 시간으로 다시 예약한다
ok 449 - timeout callback이 deadline보다 일찍 실행되면 남은 시간으로 다시 예약한다
  ---
  duration_ms: 1.23644
  type: 'test'
  ...
# Subtest: 작업이 먼저 완료되면 timeout과 frame 감시를 모두 정리한다
ok 450 - 작업이 먼저 완료되면 timeout과 frame 감시를 모두 정리한다
  ---
  duration_ms: 0.456994
  type: 'test'
  ...
# Subtest: 운영 방 생성 관련 timeout은 모두 10초 기준으로 통일한다
ok 451 - 운영 방 생성 관련 timeout은 모두 10초 기준으로 통일한다
  ---
  duration_ms: 0.164367
  type: 'test'
  ...
# Subtest: 동일 생성 요청은 같은 room id와 create request id를 사용한다
ok 452 - 동일 생성 요청은 같은 room id와 create request id를 사용한다
  ---
  duration_ms: 0.409111
  type: 'test'
  ...
# Subtest: timeout 복구는 정확히 같은 room, host, request만 허용한다
ok 453 - timeout 복구는 정확히 같은 room, host, request만 허용한다
  ---
  duration_ms: 0.216772
  type: 'test'
  ...
# Subtest: 다른 방으로 전환 중인 background cleanup은 새 방 화면 상태를 지우지 않는다
ok 454 - 다른 방으로 전환 중인 background cleanup은 새 방 화면 상태를 지우지 않는다
  ---
  duration_ms: 0.496207
  type: 'test'
  ...
# Subtest: 방 생성 잠금을 즉시 획득하면 재대기하지 않는다
ok 455 - 방 생성 잠금을 즉시 획득하면 재대기하지 않는다
  ---
  duration_ms: 1.121888
  type: 'test'
  ...
# Subtest: 다른 요청이 잠금을 해제하면 제한 시간 안에서 재시도해 획득한다
ok 456 - 다른 요청이 잠금을 해제하면 제한 시간 안에서 재시도해 획득한다
  ---
  duration_ms: 0.738791
  type: 'test'
  ...
# Subtest: 잠금이 계속 유지되면 지정한 제한 시간을 넘기지 않고 실패한다
ok 457 - 잠금이 계속 유지되면 지정한 제한 시간을 넘기지 않고 실패한다
  ---
  duration_ms: 0.231655
  type: 'test'
  ...
# Subtest: 방 생성은 전체 만료 방 정리와 무제한 활성 방 조회를 임계 경로에서 사용하지 않는다
ok 458 - 방 생성은 전체 만료 방 정리와 무제한 활성 방 조회를 임계 경로에서 사용하지 않는다
  ---
  duration_ms: 1.123963
  type: 'test'
  ...
# Subtest: 기존 방 퇴장은 제한된 membership 조회 후 전역 생성 잠금 전에 완료한다
ok 459 - 기존 방 퇴장은 제한된 membership 조회 후 전역 생성 잠금 전에 완료한다
  ---
  duration_ms: 0.3835
  type: 'test'
  ...
# Subtest: 최종 검증은 종류별 상한·호스트 방·중복 제목과 해당 호스트 player만 읽는다
ok 460 - 최종 검증은 종류별 상한·호스트 방·중복 제목과 해당 호스트 player만 읽는다
  ---
  duration_ms: 1.073487
  type: 'test'
  ...
# Subtest: 종류별 상한 조회는 bounded equality query 뒤 실제 활성 인간 방만 포함한다
ok 461 - 종류별 상한 조회는 bounded equality query 뒤 실제 활성 인간 방만 포함한다
  ---
  duration_ms: 0.216001
  type: 'test'
  ...
# Subtest: 로비 구독은 최근 활동 방과 최근 레거시 방을 bounded 조회한 뒤 대기·진행 방만 노출한다
ok 462 - 로비 구독은 최근 활동 방과 최근 레거시 방을 bounded 조회한 뒤 대기·진행 방만 노출한다
  ---
  duration_ms: 0.190597
  type: 'test'
  ...
# Subtest: 로비의 1시간 만료 정리는 createdAt 오래된 후보만 제한 조회하고 5분 주기로 반복한다
ok 463 - 로비의 1시간 만료 정리는 createdAt 오래된 후보만 제한 조회하고 5분 주기로 반복한다
  ---
  duration_ms: 0.238341
  type: 'test'
  ...
# Subtest: 재귀 삭제 claim은 동시 실행을 차단하고 중단된 claim만 5분 후 재회수한다
ok 464 - 재귀 삭제 claim은 동시 실행을 차단하고 중단된 claim만 5분 후 재회수한다
  ---
  duration_ms: 0.228899
  type: 'test'
  ...
# Subtest: 현재 방 구독은 수명 마감 시각에 맞춰 상태·기준 시각 guard와 함께 삭제를 요청한다
ok 465 - 현재 방 구독은 수명 마감 시각에 맞춰 상태·기준 시각 guard와 함께 삭제를 요청한다
  ---
  duration_ms: 0.161083
  type: 'test'
  ...
# Subtest: 성공 경로는 잠금 소유권과 방 ID를 transaction에서 재검증하고 잠금을 함께 해제한다
ok 466 - 성공 경로는 잠금 소유권과 방 ID를 transaction에서 재검증하고 잠금을 함께 해제한다
  ---
  duration_ms: 0.486923
  type: 'test'
  ...
# Subtest: 신규 방 문서는 종류와 QA 식별 metadata를 생성 transaction에서 함께 기록한다
ok 467 - 신규 방 문서는 종류와 QA 식별 metadata를 생성 transaction에서 함께 기록한다
  ---
  duration_ms: 0.486877
  type: 'test'
  ...
# Subtest: 런타임 전역값만으로 production 방을 QA 방으로 우회할 수 없다
ok 468 - 런타임 전역값만으로 production 방을 QA 방으로 우회할 수 없다
  ---
  duration_ms: 0.270806
  type: 'test'
  ...
# Subtest: 기존 방 퇴장은 독립 room transaction을 병렬 실행한다
ok 469 - 기존 방 퇴장은 독립 room transaction을 병렬 실행한다
  ---
  duration_ms: 0.125549
  type: 'test'
  ...
# Subtest: 최근 인간 heartbeat가 있는 방은 생성 제한 후보와 활성 인간 방으로 계산한다
ok 470 - 최근 인간 heartbeat가 있는 방은 생성 제한 후보와 활성 인간 방으로 계산한다
  ---
  duration_ms: 1.322364
  type: 'test'
  ...
# Subtest: 명시적 빈 방 유예가 시작되면 삭제 전까지 후보에는 남지만 활성 인간 방으로 계산하지 않는다
ok 471 - 명시적 빈 방 유예가 시작되면 삭제 전까지 후보에는 남지만 활성 인간 방으로 계산하지 않는다
  ---
  duration_ms: 0.21908
  type: 'test'
  ...
# Subtest: heartbeat가 stale이면 3분 삭제 유예 중에도 활성 인간 방 제한에서 제외한다
ok 472 - heartbeat가 stale이면 3분 삭제 유예 중에도 활성 인간 방 제한에서 제외한다
  ---
  duration_ms: 0.259126
  type: 'test'
  ...
# Subtest: 삭제 유예가 만료된 방은 방 생성 후보에서 제외한다
ok 473 - 삭제 유예가 만료된 방은 방 생성 후보에서 제외한다
  ---
  duration_ms: 0.197825
  type: 'test'
  ...
# Subtest: 기존 문서에 heartbeat 필드가 없으면 현재 인원 요약을 안전한 fallback으로 사용한다
ok 474 - 기존 문서에 heartbeat 필드가 없으면 현재 인원 요약을 안전한 fallback으로 사용한다
  ---
  duration_ms: 0.300168
  type: 'test'
  ...
# Subtest: 명시적 퇴장은 방을 즉시 삭제하지 않고 서버 Timestamp로 유예를 시작한다
ok 475 - 명시적 퇴장은 방을 즉시 삭제하지 않고 서버 Timestamp로 유예를 시작한다
  ---
  duration_ms: 1.23042
  type: 'test'
  ...
# Subtest: 방 목록 조회와 방 생성 정리는 waiting·playing·finished 방을 함께 검사한다
ok 476 - 방 목록 조회와 방 생성 정리는 waiting·playing·finished 방을 함께 검사한다
  ---
  duration_ms: 0.250837
  type: 'test'
  ...
# Subtest: 활성 인간 heartbeat는 방의 마지막 인간 접속 시각을 서버 Timestamp로 갱신한다
ok 477 - 활성 인간 heartbeat는 방의 마지막 인간 접속 시각을 서버 Timestamp로 갱신한다
  ---
  duration_ms: 0.326189
  type: 'test'
  ...
# Subtest: 빈 방 정리는 브라우저 타이머가 아니라 절대 시각 reconciliation만 사용한다
ok 478 - 빈 방 정리는 브라우저 타이머가 아니라 절대 시각 reconciliation만 사용한다
  ---
  duration_ms: 0.997274
  type: 'test'
  ...
# Subtest: 정상 종료 상태 자체는 재입장과 목록 표시를 차단하지 않고 만료 시각만 차단한다
ok 479 - 정상 종료 상태 자체는 재입장과 목록 표시를 차단하지 않고 만료 시각만 차단한다
  ---
  duration_ms: 0.341167
  type: 'test'
  ...
# Subtest: Firestore 규칙은 3분 절대 시각 만료와 만료 후 신규 입장 차단을 강제한다
ok 480 - Firestore 규칙은 3분 절대 시각 만료와 만료 후 신규 입장 차단을 강제한다
  ---
  duration_ms: 0.273165
  type: 'test'
  ...
# Subtest: 방 삭제 claim의 failed-precondition과 aborted만 복구 가능한 경쟁 오류로 분류한다
ok 481 - 방 삭제 claim의 failed-precondition과 aborted만 복구 가능한 경쟁 오류로 분류한다
  ---
  duration_ms: 1.276154
  type: 'test'
  ...
# Subtest: 복구 가능한 방 삭제 경쟁 오류는 제한 횟수 안에서 재시도한다
ok 482 - 복구 가능한 방 삭제 경쟁 오류는 제한 횟수 안에서 재시도한다
  ---
  duration_ms: 0.916179
  type: 'test'
  ...
# Subtest: 복구 불가능한 오류는 재시도하지 않고 즉시 전달한다
ok 483 - 복구 불가능한 오류는 재시도하지 않고 즉시 전달한다
  ---
  duration_ms: 0.497653
  type: 'test'
  ...
# Subtest: 복구 가능한 오류도 최대 재시도 횟수를 넘기지 않는다
ok 484 - 복구 가능한 오류도 최대 재시도 횟수를 넘기지 않는다
  ---
  duration_ms: 0.260854
  type: 'test'
  ...
# 이전 방 정리에 실패했습니다. Error: cleanup failed
#     at context.params.runtime.removeRoomPlayer (/home/runner/work/Yut/Yut/.tmp-unit-tests/tests/unit/roomEntryController.test.js:111:67)
#     at leavePreviousOnlineRoomForEntry (/home/runner/work/Yut/Yut/.tmp-unit-tests/src/app/flows/roomEntryControllerFlow.js:25:30)
#     at async openWaitingRoomForEntry (/home/runner/work/Yut/Yut/.tmp-unit-tests/src/app/flows/roomEntryControllerFlow.js:61:13)
#     at async TestContext.<anonymous> (/home/runner/work/Yut/Yut/.tmp-unit-tests/tests/unit/roomEntryController.test.js:112:5)
#     at async Test.run (node:internal/test_runner/test:1054:7)
#     at async Test.processPendingSubtests (node:internal/test_runner/test:744:7)
# 중복 방 정리에 실패했습니다. 대상 방 입장은 유지합니다. Error: dedupe failed
#     at context.params.runtime.leaveDuplicatePlayerRooms (/home/runner/work/Yut/Yut/.tmp-unit-tests/tests/unit/roomEntryController.test.js:139:76)
#     at openWaitingRoomForEntry (/home/runner/work/Yut/Yut/.tmp-unit-tests/src/app/flows/roomEntryControllerFlow.js:88:26)
#     at async TestContext.<anonymous> (/home/runner/work/Yut/Yut/.tmp-unit-tests/tests/unit/roomEntryController.test.js:140:5)
#     at async Test.run (node:internal/test_runner/test:1054:7)
#     at async Test.processPendingSubtests (node:internal/test_runner/test:744:7)
# Subtest: 방장 입장은 joinRoom 없이 UID 좌석과 방장 상태를 적용하고 대기실로 이동한다
ok 485 - 방장 입장은 joinRoom 없이 UID 좌석과 방장 상태를 적용하고 대기실로 이동한다
  ---
  duration_ms: 2.417747
  type: 'test'
  ...
# Subtest: 일반 참가자 입장은 이전 방 정리 후 joinRoom seat index를 반영하고 대기실로 이동한다
ok 486 - 일반 참가자 입장은 이전 방 정리 후 joinRoom seat index를 반영하고 대기실로 이동한다
  ---
  duration_ms: 1.543296
  type: 'test'
  ...
# Subtest: 진행 중인 방 일반 입장은 game 화면으로 이동한다
ok 487 - 진행 중인 방 일반 입장은 game 화면으로 이동한다
  ---
  duration_ms: 0.405923
  type: 'test'
  ...
# Subtest: 인증 사용자가 없으면 signInAsGuest, rememberUser, joinRoom 순서로 수행한다
ok 488 - 인증 사용자가 없으면 signInAsGuest, rememberUser, joinRoom 순서로 수행한다
  ---
  duration_ms: 0.574344
  type: 'test'
  ...
# Subtest: 인증 timeout은 기존 오류 메시지로 입장 실패 상태를 적용한다
ok 489 - 인증 timeout은 기존 오류 메시지로 입장 실패 상태를 적용한다
  ---
  duration_ms: 0.404544
  type: 'test'
  ...
# Subtest: 이전 방 정리는 다른 방 플레이어를 제거하고 같은 방은 제거하지 않는다
ok 490 - 이전 방 정리는 다른 방 플레이어를 제거하고 같은 방은 제거하지 않는다
  ---
  duration_ms: 0.290231
  type: 'test'
  ...
# Subtest: 이전 방 정리 실패는 새 방 입장을 막지 않는다
ok 491 - 이전 방 정리 실패는 새 방 입장을 막지 않는다
  ---
  duration_ms: 1.678538
  type: 'test'
  ...
# Subtest: 방장은 이전 방 정리를 기다리지 않고 일반 참가자는 정리 완료 후 joinRoom을 호출한다
ok 492 - 방장은 이전 방 정리를 기다리지 않고 일반 참가자는 정리 완료 후 joinRoom을 호출한다
  ---
  duration_ms: 0.765095
  type: 'test'
  ...
# Subtest: 중복 참여 방 정리는 입장 완료 후 호출되고 실패해도 입장 상태를 유지한다
ok 493 - 중복 참여 방 정리는 입장 완료 후 호출되고 실패해도 입장 상태를 유지한다
  ---
  duration_ms: 1.00492
  type: 'test'
  ...
# Subtest: 입장 실패는 active room 관련 상태를 초기화하고 기존 오류 메시지를 유지한다
ok 494 - 입장 실패는 active room 관련 상태를 초기화하고 기존 오류 메시지를 유지한다
  ---
  duration_ms: 0.766133
  type: 'test'
  ...
# Subtest: openWaitingRoomForEntry는 같은 방 재입장 시 이전 방 조회와 제거를 수행하지 않는다
ok 495 - openWaitingRoomForEntry는 같은 방 재입장 시 이전 방 조회와 제거를 수행하지 않는다
  ---
  duration_ms: 1.355424
  type: 'test'
  ...
# Subtest: openWaitingRoomForEntry는 다른 방 이동 시 이전 방 정리에 실제 새 room id를 전달한다
ok 496 - openWaitingRoomForEntry는 다른 방 이동 시 이전 방 정리에 실제 새 room id를 전달한다
  ---
  duration_ms: 0.298311
  type: 'test'
  ...
# Subtest: 방장 이전 방 cleanup이 늦게 완료되어도 새 active room을 빈 값으로 초기화하지 않는다
ok 497 - 방장 이전 방 cleanup이 늦게 완료되어도 새 active room을 빈 값으로 초기화하지 않는다
  ---
  duration_ms: 0.39216
  type: 'test'
  ...
# Subtest: 인게임 종료의 AI 대체 업데이트를 구분한다
ok 498 - 인게임 종료의 AI 대체 업데이트를 구분한다
  ---
  duration_ms: 1.626746
  type: 'test'
  ...
# Subtest: 관전자도 AI가 아닌 인간으로 판정한다
ok 499 - 관전자도 AI가 아닌 인간으로 판정한다
  ---
  duration_ms: 0.299641
  type: 'test'
  ...
# Subtest: 사람·관전자 또는 AI 대체 자리가 있으면 방을 복구할 수 있다고 판정한다
ok 500 - 사람·관전자 또는 AI 대체 자리가 있으면 방을 복구할 수 있다고 판정한다
  ---
  duration_ms: 0.241462
  type: 'test'
  ...
# Subtest: 진행 상태와 진입 상태는 모두 인게임으로 판정한다
ok 501 - 진행 상태와 진입 상태는 모두 인게임으로 판정한다
  ---
  duration_ms: 0.219943
  type: 'test'
  ...
# Subtest: 대기실 방장만 퇴장 시 방 전체를 삭제한다
ok 502 - 대기실 방장만 퇴장 시 방 전체를 삭제한다
  ---
  duration_ms: 0.293908
  type: 'test'
  ...
# Subtest: 인게임 화면의 퇴장 정리는 로컬 포인터가 남아있어도 지연하지 않는다
ok 503 - 인게임 화면의 퇴장 정리는 로컬 포인터가 남아있어도 지연하지 않는다
  ---
  duration_ms: 0.193605
  type: 'test'
  ...
# Subtest: 인게임의 플레이어 시트는 퇴장 사유와 무관하게 AI로 대체한다
ok 504 - 인게임의 플레이어 시트는 퇴장 사유와 무관하게 AI로 대체한다
  ---
  duration_ms: 1.232631
  type: 'test'
  ...
# Subtest: 마지막 인간이 AI로 대체되면 즉시 삭제하지 않고 삭제 유예를 시작한다
ok 505 - 마지막 인간이 AI로 대체되면 즉시 삭제하지 않고 삭제 유예를 시작한다
  ---
  duration_ms: 0.219863
  type: 'test'
  ...
# Subtest: 관전자나 다른 인간이 남아있으면 삭제 유예를 시작하지 않는다
ok 506 - 관전자나 다른 인간이 남아있으면 삭제 유예를 시작하지 않는다
  ---
  duration_ms: 0.464075
  type: 'test'
  ...
# Subtest: 대기실은 생성 후 1시간부터 활성 인간이 있어도 삭제 대상으로 판정한다
ok 507 - 대기실은 생성 후 1시간부터 활성 인간이 있어도 삭제 대상으로 판정한다
  ---
  duration_ms: 2.036845
  type: 'test'
  ...
# Subtest: 인게임 방은 생성 시각이 아니라 게임 시작 시각부터 1시간을 계산한다
ok 508 - 인게임 방은 생성 시각이 아니라 게임 시작 시각부터 1시간을 계산한다
  ---
  duration_ms: 0.253252
  type: 'test'
  ...
# Subtest: 활성 인간이 없으면 삭제 유예를 시작하고 3분 전에는 삭제하지 않는다
ok 509 - 활성 인간이 없으면 삭제 유예를 시작하고 3분 전에는 삭제하지 않는다
  ---
  duration_ms: 0.33098
  type: 'test'
  ...
# Subtest: 마지막 heartbeat가 끊긴 방은 45초 stale 시점부터 3분 유예를 계산한다
ok 510 - 마지막 heartbeat가 끊긴 방은 45초 stale 시점부터 3분 유예를 계산한다
  ---
  duration_ms: 0.152698
  type: 'test'
  ...
# Subtest: 활성 인간이 없는 상태로 3분이 지나면 삭제 대상으로 판정한다
ok 511 - 활성 인간이 없는 상태로 3분이 지나면 삭제 대상으로 판정한다
  ---
  duration_ms: 0.19866
  type: 'test'
  ...
# Subtest: 관전자도 heartbeat가 유효하면 활성 인간으로 계산하고 삭제 유예를 취소한다
ok 512 - 관전자도 heartbeat가 유효하면 활성 인간으로 계산하고 삭제 유예를 취소한다
  ---
  duration_ms: 0.144074
  type: 'test'
  ...
# Subtest: heartbeat가 만료된 관전자만 남으면 활성 인간이 아니므로 삭제 유예를 시작한다
ok 513 - heartbeat가 만료된 관전자만 남으면 활성 인간이 아니므로 삭제 유예를 시작한다
  ---
  duration_ms: 0.181331
  type: 'test'
  ...
# Subtest: 정상 종료된 방도 활성 인간이 남아 있고 1시간 전이면 목록과 수명주기에서 유지한다
ok 514 - 정상 종료된 방도 활성 인간이 남아 있고 1시간 전이면 목록과 수명주기에서 유지한다
  ---
  duration_ms: 0.153718
  type: 'test'
  ...
# Subtest: 현재 인원 요약이 0이어도 실제 players 검증 전에는 목록 후보에서 제거하지 않는다
ok 515 - 현재 인원 요약이 0이어도 실제 players 검증 전에는 목록 후보에서 제거하지 않는다
  ---
  duration_ms: 0.30518
  type: 'test'
  ...
# Subtest: 삭제 중이거나 시스템 잠금 문서는 방 목록 후보에서 제거한다
ok 516 - 삭제 중이거나 시스템 잠금 문서는 방 목록 후보에서 제거한다
  ---
  duration_ms: 0.39281
  type: 'test'
  ...
# Subtest: lastActivityAt이 있으면 createdAt보다 우선한다
ok 517 - lastActivityAt이 있으면 createdAt보다 우선한다
  ---
  duration_ms: 0.175165
  type: 'test'
  ...
# Subtest: 기존 2시간 idle 기준은 활동 시간 보조 판정으로 유지한다
ok 518 - 기존 2시간 idle 기준은 활동 시간 보조 판정으로 유지한다
  ---
  duration_ms: 0.086408
  type: 'test'
  ...
# Subtest: 방 전환 중인 본인의 현재 방 제거만 지연한다
ok 519 - 방 전환 중인 본인의 현재 방 제거만 지연한다
  ---
  duration_ms: 0.104639
  type: 'test'
  ...
# Subtest: 관전자도 AI가 아닌 인간 플레이어로 판정한다
ok 520 - 관전자도 AI가 아닌 인간 플레이어로 판정한다
  ---
  duration_ms: 0.094435
  type: 'test'
  ...
# Subtest: 대기실에서는 삭제된 좌석과 disconnected 좌석만 재사용한다
ok 521 - 대기실에서는 삭제된 좌석과 disconnected 좌석만 재사용한다
  ---
  duration_ms: 0.090035
  type: 'test'
  ...
# Subtest: 연결 인원은 실제 사람 좌석만 세고 AI 대체 좌석 복귀 시 한 명만 증가한다
ok 522 - 연결 인원은 실제 사람 좌석만 세고 AI 대체 좌석 복귀 시 한 명만 증가한다
  ---
  duration_ms: 0.12528
  type: 'test'
  ...
# Subtest: 연결 인원 요약은 사람 플레이어만 세고 수동 AI·AI 대체·관전자는 제외한다
ok 523 - 연결 인원 요약은 사람 플레이어만 세고 수동 AI·AI 대체·관전자는 제외한다
  ---
  duration_ms: 0.114361
  type: 'test'
  ...
# Subtest: 빈 좌석의 수동 AI 추가만 연결 인원 재계산을 생략할 수 있다
ok 524 - 빈 좌석의 수동 AI 추가만 연결 인원 재계산을 생략할 수 있다
  ---
  duration_ms: 0.131113
  type: 'test'
  ...
# Subtest: AI 대체 방은 복귀 대상으로 유지하되 새 방 생성 차단 대상에서는 제외한다
ok 525 - AI 대체 방은 복귀 대상으로 유지하되 새 방 생성 차단 대상에서는 제외한다
  ---
  duration_ms: 0.143124
  type: 'test'
  ...
# Subtest: 대상 방 입장이 실패하고 활성 방 포인터가 비어 있으면 기존 방 포인터를 복원한다
ok 526 - 대상 방 입장이 실패하고 활성 방 포인터가 비어 있으면 기존 방 포인터를 복원한다
  ---
  duration_ms: 0.083088
  type: 'test'
  ...
# Subtest: 로비 controller는 start 전에는 구독하지 않고 중복 start에도 한 번만 구독한다
ok 527 - 로비 controller는 start 전에는 구독하지 않고 중복 start에도 한 번만 구독한다
  ---
  duration_ms: 1.911007
  type: 'test'
  ...
# Subtest: 활성 방마다 players listener를 한 번만 만들고 사람과 AI 좌석 인원을 집계한다
ok 528 - 활성 방마다 players listener를 한 번만 만들고 사람과 AI 좌석 인원을 집계한다
  ---
  duration_ms: 1.2502
  type: 'test'
  ...
# Subtest: 현재 사용자의 AI 대체 자리만 남은 진행 방은 복귀를 위해 목록에 유지한다
ok 529 - 현재 사용자의 AI 대체 자리만 남은 진행 방은 복귀를 위해 목록에 유지한다
  ---
  duration_ms: 0.329348
  type: 'test'
  ...
# Subtest: 같은 방장의 새 방이 있어도 현재 사용자의 AI 대체 진행 방은 함께 표시한다
ok 530 - 같은 방장의 새 방이 있어도 현재 사용자의 AI 대체 진행 방은 함께 표시한다
  ---
  duration_ms: 0.334525
  type: 'test'
  ...
# Subtest: 표시 상한 앞에 다른 방 3개가 있어도 현재 사용자의 복귀 방을 우선 표시한다
ok 531 - 표시 상한 앞에 다른 방 3개가 있어도 현재 사용자의 복귀 방을 우선 표시한다
  ---
  duration_ms: 0.391463
  type: 'test'
  ...
# Subtest: 현재 사용자 방 뒤의 같은 방장 비복귀 중복 방은 숨긴다
ok 532 - 현재 사용자 방 뒤의 같은 방장 비복귀 중복 방은 숨긴다
  ---
  duration_ms: 0.230041
  type: 'test'
  ...
# Subtest: 3분 유예가 만료된 다른 사용자의 AI 대체 방은 목록에서 숨긴다
ok 533 - 3분 유예가 만료된 다른 사용자의 AI 대체 방은 목록에서 숨긴다
  ---
  duration_ms: 0.23477
  type: 'test'
  ...
# Subtest: 가득 찬 대기 방은 기존 참가자가 아닌 사용자에게 숨긴다
ok 534 - 가득 찬 대기 방은 기존 참가자가 아닌 사용자에게 숨긴다
  ---
  duration_ms: 0.148879
  type: 'test'
  ...
# Subtest: 가득 찬 대기 방이라도 현재 사용자가 기존 참가자면 목록에 유지한다
ok 535 - 가득 찬 대기 방이라도 현재 사용자가 기존 참가자면 목록에 유지한다
  ---
  duration_ms: 0.412458
  type: 'test'
  ...
# Subtest: 방이 목록에서 사라지면 해당 players listener만 해제하고 늦은 callback은 무시한다
ok 536 - 방이 목록에서 사라지면 해당 players listener만 해제하고 늦은 callback은 무시한다
  ---
  duration_ms: 0.435214
  type: 'test'
  ...
# Subtest: 대기실·게임 전환에 해당하는 stop은 active rooms와 모든 players listener를 즉시 해제한다
ok 537 - 대기실·게임 전환에 해당하는 stop은 active rooms와 모든 players listener를 즉시 해제한다
  ---
  duration_ms: 0.31163
  type: 'test'
  ...
# Subtest: 로비 복귀에 해당하는 재시작은 즉시 새 active rooms listener를 생성한다
ok 538 - 로비 복귀에 해당하는 재시작은 즉시 새 active rooms listener를 생성한다
  ---
  duration_ms: 0.132208
  type: 'test'
  ...
# Subtest: 앞쪽의 만료된 AI 전용 방을 제외하고 정상 방 최대 3개를 표시한다
ok 539 - 앞쪽의 만료된 AI 전용 방을 제외하고 정상 방 최대 3개를 표시한다
  ---
  duration_ms: 0.167164
  type: 'test'
  ...
# Subtest: 방이 비정상적으로 많아도 players listener는 후보 상한까지만 생성한다
ok 540 - 방이 비정상적으로 많아도 players listener는 후보 상한까지만 생성한다
  ---
  duration_ms: 0.141361
  type: 'test'
  ...
# Subtest: 방이 없거나 stale 방 snapshot이면 무시한다
ok 541 - 방이 없거나 stale 방 snapshot이면 무시한다
  ---
  duration_ms: 0.823278
  type: 'test'
  ...
# Subtest: 현재 사용자 확인과 cleanup eligibility를 계산한다
ok 542 - 현재 사용자 확인과 cleanup eligibility를 계산한다
  ---
  duration_ms: 0.208159
  type: 'test'
  ...
# Subtest: 관전자는 좌석 플레이어는 아니지만 인간 presence cleanup 주체가 된다
ok 543 - 관전자는 좌석 플레이어는 아니지만 인간 presence cleanup 주체가 된다
  ---
  duration_ms: 0.19274
  type: 'test'
  ...
# Subtest: 방장 승계 중복 차단 key를 만든다
ok 544 - 방장 승계 중복 차단 key를 만든다
  ---
  duration_ms: 0.129019
  type: 'test'
  ...
# Subtest: room player 구독은 렌더마다 바뀌는 콜백을 ref로 읽고 effect 의존성에서 제외한다
ok 545 - room player 구독은 렌더마다 바뀌는 콜백을 ref로 읽고 effect 의존성에서 제외한다
  ---
  duration_ms: 0.428231
  type: 'test'
  ...
# Subtest: 한 방의 cleanup lease는 한 소유자만 유지하고 만료 뒤 다른 사용자가 인계한다
ok 546 - 한 방의 cleanup lease는 한 소유자만 유지하고 만료 뒤 다른 사용자가 인계한다
  ---
  duration_ms: 1.349093
  type: 'test'
  ...
# Subtest: 정상 종료된 방도 대기실 복귀 전까지 cleanup lease를 유지할 수 있다
ok 547 - 정상 종료된 방도 대기실 복귀 전까지 cleanup lease를 유지할 수 있다
  ---
  duration_ms: 0.196925
  type: 'test'
  ...
# Subtest: 관전자는 인간으로서 cleanup 주체와 stale 대상에 포함하고 AI는 제외한다
ok 548 - 관전자는 인간으로서 cleanup 주체와 stale 대상에 포함하고 AI는 제외한다
  ---
  duration_ms: 0.194372
  type: 'test'
  ...
# Subtest: fresh heartbeat는 유지하고 stale human만 정리 대상으로 판정한다
ok 549 - fresh heartbeat는 유지하고 stale human만 정리 대상으로 판정한다
  ---
  duration_ms: 0.140208
  type: 'test'
  ...
# Subtest: 게임 중 stale 플레이어는 AI 대체하고 대기실 stale 플레이어는 제거한다
ok 550 - 게임 중 stale 플레이어는 AI 대체하고 대기실 stale 플레이어는 제거한다
  ---
  duration_ms: 0.233137
  type: 'test'
  ...
# Subtest: 관전자는 가상 seatIndex가 있어도 항상 제거하고 AI 대체 좌석을 만들지 않는다
ok 551 - 관전자는 가상 seatIndex가 있어도 항상 제거하고 AI 대체 좌석을 만들지 않는다
  ---
  duration_ms: 0.12149
  type: 'test'
  ...
# Subtest: AI 대체 시 해당 좌석의 게임 snapshot 제어 상태와 epoch를 함께 갱신한다
ok 552 - AI 대체 시 해당 좌석의 게임 snapshot 제어 상태와 epoch를 함께 갱신한다
  ---
  duration_ms: 1.553062
  type: 'test'
  ...
# Subtest: 원 플레이어 복귀 시 AI 제어 상태를 사람으로 되돌린다
ok 553 - 원 플레이어 복귀 시 AI 제어 상태를 사람으로 되돌린다
  ---
  duration_ms: 0.159424
  type: 'test'
  ...
# Subtest: 대상 좌석이 없거나 이미 같은 상태면 gameSeats patch를 만들지 않는다
ok 554 - 대상 좌석이 없거나 이미 같은 상태면 gameSeats patch를 만들지 않는다
  ---
  duration_ms: 0.158491
  type: 'test'
  ...
# Subtest: snapshot replay 대상 범위가 연속으로 캐시되어 있으면 Firestore 조회 없이 반환한다
ok 555 - snapshot replay 대상 범위가 연속으로 캐시되어 있으면 Firestore 조회 없이 반환한다
  ---
  duration_ms: 1.557954
  type: 'test'
  ...
# Subtest: replay 범위 중 한 건이라도 없으면 기존 Firestore 조회 fallback을 사용하도록 null을 반환한다
ok 556 - replay 범위 중 한 건이라도 없으면 기존 Firestore 조회 fallback을 사용하도록 null을 반환한다
  ---
  duration_ms: 0.211251
  type: 'test'
  ...
# Subtest: snapshot replay scope 밖의 일반 sequence 조회는 캐시를 사용하지 않는다
ok 557 - snapshot replay scope 밖의 일반 sequence 조회는 캐시를 사용하지 않는다
  ---
  duration_ms: 0.12595
  type: 'test'
  ...
# Subtest: 동일 방 replay scope가 겹쳐도 조회 afterSequence에 맞는 target을 선택한다
ok 558 - 동일 방 replay scope가 겹쳐도 조회 afterSequence에 맞는 target을 선택한다
  ---
  duration_ms: 0.24878
  type: 'test'
  ...
# Subtest: 캐시에 방 문서가 있으면 서버 확인 전에도 화면에 전달한다
ok 559 - 캐시에 방 문서가 있으면 서버 확인 전에도 화면에 전달한다
  ---
  duration_ms: 0.792245
  type: 'test'
  ...
# Subtest: 캐시 miss는 방 종료로 전달하지 않고 서버가 부재를 확인한 뒤에만 전달한다
ok 560 - 캐시 miss는 방 종료로 전달하지 않고 서버가 부재를 확인한 뒤에만 전달한다
  ---
  duration_ms: 0.141774
  type: 'test'
  ...
# Subtest: 구독 callback guard는 이전 room ID snapshot을 차단한다
ok 561 - 구독 callback guard는 이전 room ID snapshot을 차단한다
  ---
  duration_ms: 0.874635
  type: 'test'
  ...
# Subtest: null room은 시작 요청, active room, prompt, intro를 정리하고 기존 메시지로 lobby 이동한다
ok 562 - null room은 시작 요청, active room, prompt, intro를 정리하고 기존 메시지로 lobby 이동한다
  ---
  duration_ms: 0.764976
  type: 'test'
  ...
# Subtest: 기본 room 정보와 방장 여부를 적용하고 사용자 ID가 없으면 기존 host 상태를 유지한다
ok 563 - 기본 room 정보와 방장 여부를 적용하고 사용자 ID가 없으면 기존 host 상태를 유지한다
  ---
  duration_ms: 0.387769
  type: 'test'
  ...
# Subtest: start metadata와 countdown fallback을 적용하고 일치하는 pending request만 완료 처리한다
ok 564 - start metadata와 countdown fallback을 적용하고 일치하는 pending request만 완료 처리한다
  ---
  duration_ms: 0.233024
  type: 'test'
  ...
# Subtest: countdown은 시작 후 올림 초와 최소 1을 적용하고 requested가 아니면 닫는다
ok 565 - countdown은 시작 후 올림 초와 최소 1을 적용하고 requested가 아니면 닫는다
  ---
  duration_ms: 1.032917
  type: 'test'
  ...
# Subtest: 적용된 start key가 일치할 때만 game 화면에 진입한다
ok 566 - 적용된 start key가 일치할 때만 game 화면에 진입한다
  ---
  duration_ms: 0.403455
  type: 'test'
  ...
# Subtest: requested·entering 중에는 waitingRoom 복귀하지 않고 종료 후에는 상태를 정리한다
ok 567 - requested·entering 중에는 waitingRoom 복귀하지 않고 종료 후에는 상태를 정리한다
  ---
  duration_ms: 0.260085
  type: 'test'
  ...
# Subtest: finished 방도 문서가 존재하고 인간이 남아 있으면 현재 방과 결과 화면을 유지한다
ok 568 - finished 방도 문서가 존재하고 인간이 남아 있으면 현재 방과 결과 화면을 유지한다
  ---
  duration_ms: 0.164451
  type: 'test'
  ...
# Subtest: 방 제목은 한글 기준 최대 20글자까지만 유지한다
ok 569 - 방 제목은 한글 기준 최대 20글자까지만 유지한다
  ---
  duration_ms: 1.060826
  type: 'test'
  ...
# Subtest: 방 제목 검증은 앞뒤 공백을 제거하고 20글자 제목을 허용한다
ok 570 - 방 제목 검증은 앞뒤 공백을 제거하고 20글자 제목을 허용한다
  ---
  duration_ms: 0.693758
  type: 'test'
  ...
# Subtest: 빈 방 제목과 20글자를 넘는 제목은 생성 전에 거부한다
ok 571 - 빈 방 제목과 20글자를 넘는 제목은 생성 전에 거부한다
  ---
  duration_ms: 0.154458
  type: 'test'
  ...
# Subtest: 이모지처럼 대리 쌍을 사용하는 문자도 사용자 글자 단위로 계산한다
ok 572 - 이모지처럼 대리 쌍을 사용하는 문자도 사용자 글자 단위로 계산한다
  ---
  duration_ms: 0.135881
  type: 'test'
  ...
# Subtest: 동일한 게임 좌석 snapshot은 기존 배열과 좌석 참조를 유지한다
ok 573 - 동일한 게임 좌석 snapshot은 기존 배열과 좌석 참조를 유지한다
  ---
  duration_ms: 1.136712
  type: 'test'
  ...
# Subtest: 좌석의 실제 상태가 바뀌면 새로운 배열을 반환한다
ok 574 - 좌석의 실제 상태가 바뀌면 새로운 배열을 반환한다
  ---
  duration_ms: 0.284341
  type: 'test'
  ...
# Subtest: 연속 sequence patch는 snapshot 조회 없이 현재 상태에 적용한다
ok 575 - 연속 sequence patch는 snapshot 조회 없이 현재 상태에 적용한다
  ---
  duration_ms: 0.999596
  type: 'test'
  ...
# Subtest: sequence gap은 patch를 추측하지 않고 snapshot 복구를 요구한다
ok 576 - sequence gap은 patch를 추측하지 않고 snapshot 복구를 요구한다
  ---
  duration_ms: 0.188627
  type: 'test'
  ...
# Subtest: 연결 상태 표시는 복구 상태를 구분하고 오래된 서버 확인만 resume 복구한다
ok 577 - 연결 상태 표시는 복구 상태를 구분하고 오래된 서버 확인만 resume 복구한다
  ---
  duration_ms: 0.640499
  type: 'test'
  ...
# Subtest: 정상 원격 동기화는 state listener 대신 sequence-first subscriber를 사용한다
ok 578 - 정상 원격 동기화는 state listener 대신 sequence-first subscriber를 사용한다
  ---
  duration_ms: 2.081144
  type: 'test'
  ...
# Subtest: 브라우저 타이머는 host 메서드를 unbound 상태로 보관하지 않는다
ok 579 - 브라우저 타이머는 host 메서드를 unbound 상태로 보관하지 않는다
  ---
  duration_ms: 0.353329
  type: 'test'
  ...
# Subtest: state checkpoint 로그는 최근 200개로 제한한다
ok 580 - state checkpoint 로그는 최근 200개로 제한한다
  ---
  duration_ms: 0.667048
  type: 'test'
  ...
# Subtest: 순서 정하기 상태 전환은 checkpoint와 sequence를 같은 트랜잭션에 기록한다
ok 581 - 순서 정하기 상태 전환은 checkpoint와 sequence를 같은 트랜잭션에 기록한다
  ---
  duration_ms: 1.489487
  type: 'test'
  ...
# Subtest: 게임 room context가 활성화되면 내 턴처럼 기존 watch key가 없어도 단계 복구를 수행한다
ok 582 - 게임 room context가 활성화되면 내 턴처럼 기존 watch key가 없어도 단계 복구를 수행한다
  ---
  duration_ms: 1.607631
  type: 'test'
  ...
# Subtest: 게임 화면 context가 비활성화되면 예약된 복구를 모두 취소한다
ok 583 - 게임 화면 context가 비활성화되면 예약된 복구를 모두 취소한다
  ---
  duration_ms: 0.258965
  type: 'test'
  ...
# Subtest: 동일 sequence snapshot은 30초 감시 시간을 초기화하지 않는다
ok 584 - 동일 sequence snapshot은 30초 감시 시간을 초기화하지 않는다
  ---
  duration_ms: 1.580828
  type: 'test'
  ...
# Subtest: 더 높은 sequence가 도착하면 단계별 복구 시간을 처음부터 다시 센다
ok 585 - 더 높은 sequence가 도착하면 단계별 복구 시간을 처음부터 다시 센다
  ---
  duration_ms: 0.329259
  type: 'test'
  ...
# Subtest: 30초에는 1차 조회, 60초에는 listener 강제 복구와 재조회가 수행된다
ok 586 - 30초에는 1차 조회, 60초에는 listener 강제 복구와 재조회가 수행된다
  ---
  duration_ms: 1.2726
  type: 'test'
  ...
# Subtest: 120초 최종 조회에도 변화가 없으면 치명 복구를 한 번만 요청한다
ok 587 - 120초 최종 조회에도 변화가 없으면 치명 복구를 한 번만 요청한다
  ---
  duration_ms: 0.345552
  type: 'test'
  ...
# Subtest: 120초 최종 조회에서 새 sequence를 적용하면 종료하지 않고 감시를 초기화한다
ok 588 - 120초 최종 조회에서 새 sequence를 적용하면 종료하지 않고 감시를 초기화한다
  ---
  duration_ms: 0.447258
  type: 'test'
  ...
# Subtest: 최종 조회가 다른 복구 흐름 때문에 deferred되면 5초 뒤 다시 확인한다
ok 589 - 최종 조회가 다른 복구 흐름 때문에 deferred되면 5초 뒤 다시 확인한다
  ---
  duration_ms: 0.389199
  type: 'test'
  ...
# Subtest: 전역 sequence 진행 알림은 같은 방 watchdog만 초기화한다
ok 590 - 전역 sequence 진행 알림은 같은 방 watchdog만 초기화한다
  ---
  duration_ms: 0.560203
  type: 'test'
  ...
# Subtest: 페이지 복귀 즉시 확인은 30초 예약을 기다리지 않고 실행한다
ok 591 - 페이지 복귀 즉시 확인은 30초 예약을 기다리지 않고 실행한다
  ---
  duration_ms: 0.445783
  type: 'test'
  ...
# Subtest: 기존 replay, 이동, snapshot 적용, 수동 동기화, pending action, deadline 복구와 충돌하면 deferred한다
ok 592 - 기존 replay, 이동, snapshot 적용, 수동 동기화, pending action, deadline 복구와 충돌하면 deferred한다
  ---
  duration_ms: 0.397228
  type: 'test'
  ...
# Subtest: 낙 후속 효과음은 roll 재생 시작 500ms 뒤에 예약한다
ok 593 - 낙 후속 효과음은 roll 재생 시작 500ms 뒤에 예약한다
  ---
  duration_ms: 1.247118
  type: 'test'
  ...
# Subtest: 후속 효과음이 없거나 roll 이외 효과음이면 별도 지연을 적용하지 않는다
ok 594 - 후속 효과음이 없거나 roll 이외 효과음이면 별도 지연을 적용하지 않는다
  ---
  duration_ms: 0.156705
  type: 'test'
  ...
# Subtest: 다중 이동 스택에서 after_roll 아이템을 사용하지 않으면 스택 선택으로 돌아간다
ok 595 - 다중 이동 스택에서 after_roll 아이템을 사용하지 않으면 스택 선택으로 돌아간다
  ---
  duration_ms: 3.599096
  type: 'test'
  ...
# Subtest: 다중 이동 스택에서 move_plus_one 사용 후 대상만 변경하고 스택 선택으로 돌아간다
ok 596 - 다중 이동 스택에서 move_plus_one 사용 후 대상만 변경하고 스택 선택으로 돌아간다
  ---
  duration_ms: 0.980476
  type: 'test'
  ...
# Subtest: 다중 이동 스택에서 move_minus_one 사용 후 대상만 변경하고 스택 선택으로 돌아간다
ok 597 - 다중 이동 스택에서 move_minus_one 사용 후 대상만 변경하고 스택 선택으로 돌아간다
  ---
  duration_ms: 0.337243
  type: 'test'
  ...
# Subtest: 이동 스택이 하나뿐이면 한 칸 더 사용 후 유일한 스택 선택을 유지한다
ok 598 - 이동 스택이 하나뿐이면 한 칸 더 사용 후 유일한 스택 선택을 유지한다
  ---
  duration_ms: 0.299682
  type: 'test'
  ...
# Subtest: 열린 보너스 이동 스택은 말 이동만 막고 다음 윷 던지기와 타이밍 막대는 허용한다
ok 599 - 열린 보너스 이동 스택은 말 이동만 막고 다음 윷 던지기와 타이밍 막대는 허용한다
  ---
  duration_ms: 1.110308
  type: 'test'
  ...
# Subtest: 제한시간이 끝나면 타이밍 막대를 숨기고 액션 버튼을 대기 상태로 전환한다
ok 600 - 제한시간이 끝나면 타이밍 막대를 숨기고 액션 버튼을 대기 상태로 전환한다
  ---
  duration_ms: 0.214529
  type: 'test'
  ...
# Subtest: 이동 스택이 닫히거나 게임 화면을 벗어나면 말 이동 차단을 해제한다
ok 601 - 이동 스택이 닫히거나 게임 화면을 벗어나면 말 이동 차단을 해제한다
  ---
  duration_ms: 0.208923
  type: 'test'
  ...
# Subtest: 판 위에 말이 없는 상태의 윷 결과는 열린 스택으로 유지하고 다음 액션을 던지기로 둔다
ok 602 - 판 위에 말이 없는 상태의 윷 결과는 열린 스택으로 유지하고 다음 액션을 던지기로 둔다
  ---
  duration_ms: 2.629535
  type: 'test'
  ...
# Subtest: 저장된 방 ID가 없으면 복구를 시작하지 않는다
ok 603 - 저장된 방 ID가 없으면 복구를 시작하지 않는다
  ---
  duration_ms: 2.681613
  type: 'test'
  ...
# Subtest: 현재 사용자가 없으면 복구를 시작하지 않는다
ok 604 - 현재 사용자가 없으면 복구를 시작하지 않는다
  ---
  duration_ms: 0.329392
  type: 'test'
  ...
# Subtest: 이미 active room이 있으면 복구를 시작하지 않는다
ok 605 - 이미 active room이 있으면 복구를 시작하지 않는다
  ---
  duration_ms: 0.206029
  type: 'test'
  ...
# Subtest: 닉네임이 유효하지 않으면 저장된 방이 있어도 복구를 시작하지 않는다
ok 606 - 닉네임이 유효하지 않으면 저장된 방이 있어도 복구를 시작하지 않는다
  ---
  duration_ms: 0.224991
  type: 'test'
  ...
# Subtest: 사용자와 닉네임이 유효하면 저장된 방을 복구 대상으로 반환한다
ok 607 - 사용자와 닉네임이 유효하면 저장된 방을 복구 대상으로 반환한다
  ---
  duration_ms: 0.393913
  type: 'test'
  ...
# Subtest: 방을 찾지 못하면 storage와 loading을 정리하고 기존 메시지를 표시한다
ok 608 - 방을 찾지 못하면 storage와 loading을 정리하고 기존 메시지를 표시한다
  ---
  duration_ms: 0.70356
  type: 'test'
  ...
# Subtest: finished 방이면 storage 정리 후 대기화면 복귀 메시지를 표시한다
ok 609 - finished 방이면 storage 정리 후 대기화면 복귀 메시지를 표시한다
  ---
  duration_ms: 0.392767
  type: 'test'
  ...
# Subtest: 대기 중인 방 복구 시 방장 여부와 좌석 index를 복원하고 waitingRoom으로 이동한다
ok 610 - 대기 중인 방 복구 시 방장 여부와 좌석 index를 복원하고 waitingRoom으로 이동한다
  ---
  duration_ms: 1.53686
  type: 'test'
  ...
# Subtest: 진행 중인 방 복구 시 game 화면으로 이동한다
ok 611 - 진행 중인 방 복구 시 game 화면으로 이동한다
  ---
  duration_ms: 0.700583
  type: 'test'
  ...
# Subtest: 관전자 결과에서는 플레이어 좌석을 임의 생성하지 않는다
ok 612 - 관전자 결과에서는 플레이어 좌석을 임의 생성하지 않는다
  ---
  duration_ms: 0.669598
  type: 'test'
  ...
# Subtest: joinRoom 오류 시 active room 관련 상태 전체 정리 후 lobby로 복귀한다
ok 613 - joinRoom 오류 시 active room 관련 상태 전체 정리 후 lobby로 복귀한다
  ---
  duration_ms: 0.446414
  type: 'test'
  ...
# Subtest: 취소된 늦은 응답은 상태를 변경하지 않는다
ok 614 - 취소된 늦은 응답은 상태를 변경하지 않는다
  ---
  duration_ms: 0.379789
  type: 'test'
  ...
# Subtest: 다른 방에 이미 입장한 뒤 늦게 완료된 복구 응답은 현재 방을 덮지 않는다
ok 615 - 다른 방에 이미 입장한 뒤 늦게 완료된 복구 응답은 현재 방을 덮지 않는다
  ---
  duration_ms: 0.252332
  type: 'test'
  ...
# Subtest: timeout 자동 플레이는 기존 어려움 AI 제출 경로에 명시적 automation source를 연결한다
ok 616 - timeout 자동 플레이는 기존 어려움 AI 제출 경로에 명시적 automation source를 연결한다
  ---
  duration_ms: 2.350299
  type: 'test'
  ...
# Subtest: 윷판 자동 플레이 안내와 직접 플레이 복귀 버튼을 모든 화면에 동기화한다
ok 617 - 윷판 자동 플레이 안내와 직접 플레이 복귀 버튼을 모든 화면에 동기화한다
  ---
  duration_ms: 0.35885
  type: 'test'
  ...
# Subtest: 통제권 회수 버튼은 윷판 하단 전체 폭과 모바일 safe area를 사용한다
ok 618 - 통제권 회수 버튼은 윷판 하단 전체 폭과 모바일 safe area를 사용한다
  ---
  duration_ms: 0.537626
  type: 'test'
  ...
# Subtest: 황금 윷 timeout 기본값은 이름으로 찾은 모다
ok 619 - 황금 윷 timeout 기본값은 이름으로 찾은 모다
  ---
  duration_ms: 1.818353
  type: 'test'
  ...
# Subtest: 아이템 관련 timeout 기본 선택은 미사용/취소/기존 유지다
ok 620 - 아이템 관련 timeout 기본 선택은 미사용/취소/기존 유지다
  ---
  duration_ms: 0.231358
  type: 'test'
  ...
# Subtest: coordinator 던지기 fallback은 authoritative timeout window의 공유 오브 위치로 판정한다
ok 621 - coordinator 던지기 fallback은 authoritative timeout window의 공유 오브 위치로 판정한다
  ---
  duration_ms: 0.404322
  type: 'test'
  ...
# Subtest: 말 이동 timeout은 유효한 선택 말을 우선하고 없으면 결정적 후보를 고른다
ok 622 - 말 이동 timeout은 유효한 선택 말을 우선하고 없으면 결정적 후보를 고른다
  ---
  duration_ms: 0.466527
  type: 'test'
  ...
# Subtest: timeout action key는 local sequence 차이와 무관하게 같은 deadline을 중복 제거한다
ok 623 - timeout action key는 local sequence 차이와 무관하게 같은 deadline을 중복 제거한다
  ---
  duration_ms: 1.70948
  type: 'test'
  ...
# Subtest: 일반 사용자 turn action에는 enqueue 시각을 기록한다
ok 624 - 일반 사용자 turn action에는 enqueue 시각을 기록한다
  ---
  duration_ms: 1.319316
  type: 'test'
  ...
# Subtest: 기존 시작 시각은 덮어쓰지 않는다
ok 625 - 기존 시작 시각은 덮어쓰지 않는다
  ---
  duration_ms: 0.203881
  type: 'test'
  ...
# Subtest: 제한시간 직전 자동 입력은 현재 deadline metadata와 함께 기록한다
ok 626 - 제한시간 직전 자동 입력은 현재 deadline metadata와 함께 기록한다
  ---
  duration_ms: 0.186592
  type: 'test'
  ...
# Subtest: 자동 입력 marker는 actor와 action type이 일치할 때만 소비한다
ok 627 - 자동 입력 marker는 actor와 action type이 일치할 때만 소비한다
  ---
  duration_ms: 0.144527
  type: 'test'
  ...
# Subtest: timeout recovery와 자동 action에는 일반 입력 시작 시각을 붙이지 않는다
ok 628 - timeout recovery와 자동 action에는 일반 입력 시작 시각을 붙이지 않는다
  ---
  duration_ms: 0.220827
  type: 'test'
  ...
# Subtest: deadline과 무관한 action은 변경하지 않는다
ok 629 - deadline과 무관한 action은 변경하지 않는다
  ---
  duration_ms: 0.163682
  type: 'test'
  ...
# Subtest: 네트워크 유예는 1초로 줄인다
ok 630 - 네트워크 유예는 1초로 줄인다
  ---
  duration_ms: 0.89239
  type: 'test'
  ...
# Subtest: 일반 턴 제한시간은 시간초과마다 10초에서 5초까지 줄고 더 내려가지 않는다
ok 631 - 일반 턴 제한시간은 시간초과마다 10초에서 5초까지 줄고 더 내려가지 않는다
  ---
  duration_ms: 0.255041
  type: 'test'
  ...
# Subtest: 아이템 선택 제한시간도 누적 시간초과를 반영하되 5초 아래로 줄지 않는다
ok 632 - 아이템 선택 제한시간도 누적 시간초과를 반영하되 5초 아래로 줄지 않는다
  ---
  duration_ms: 0.122717
  type: 'test'
  ...
# Subtest: 플레이어가 정상 버튼 액션을 수행하면 누적 횟수와 다음 제한시간을 기본값으로 복구한다
ok 633 - 플레이어가 정상 버튼 액션을 수행하면 누적 횟수와 다음 제한시간을 기본값으로 복구한다
  ---
  duration_ms: 3.886288
  type: 'test'
  ...
# Subtest: 시간초과 복구가 커밋되면 좌석 횟수를 올리고 바로 다음 막대를 5초 단축한다
ok 634 - 시간초과 복구가 커밋되면 좌석 횟수를 올리고 바로 다음 막대를 5초 단축한다
  ---
  duration_ms: 0.464732
  type: 'test'
  ...
# Subtest: 두 번째 시간초과부터 서버 제한시간은 최소 5초로 고정된다
ok 635 - 두 번째 시간초과부터 서버 제한시간은 최소 5초로 고정된다
  ---
  duration_ms: 0.443181
  type: 'test'
  ...
# Subtest: AI 자동 플레이 액션은 누적 timeout 횟수와 자동 플레이 상태를 초기화하지 않는다
ok 636 - AI 자동 플레이 액션은 누적 timeout 횟수와 자동 플레이 상태를 초기화하지 않는다
  ---
  duration_ms: 0.483849
  type: 'test'
  ...
# Subtest: 자동 플레이 중에는 직접 플레이 액션을 authoritative 경계에서 거부한다
ok 637 - 자동 플레이 중에는 직접 플레이 액션을 authoritative 경계에서 거부한다
  ---
  duration_ms: 0.357364
  type: 'test'
  ...
# Subtest: 직접 플레이 복귀는 자동 플레이와 timeout 횟수를 해제하고 현재 단계에 10초를 다시 부여한다
ok 638 - 직접 플레이 복귀는 자동 플레이와 timeout 횟수를 해제하고 현재 단계에 10초를 다시 부여한다
  ---
  duration_ms: 0.570172
  type: 'test'
  ...
# Subtest: 정상 이동 뒤 아이템 교체 선택도 기본 10초로 복구하고 내부 deadline을 일치시킨다
ok 639 - 정상 이동 뒤 아이템 교체 선택도 기본 10초로 복구하고 내부 deadline을 일치시킨다
  ---
  duration_ms: 2.641609
  type: 'test'
  ...
# Subtest: 클라이언트 액션 제한시간은 authoritative deadline 기준으로 만료된다
ok 640 - 클라이언트 액션 제한시간은 authoritative deadline 기준으로 만료된다
  ---
  duration_ms: 1.088893
  type: 'test'
  ...
# Subtest: authoritative deadline이 있으면 로컬 전체 duration 대신 남은 시간을 사용한다
ok 641 - authoritative deadline이 있으면 로컬 전체 duration 대신 남은 시간을 사용한다
  ---
  duration_ms: 0.33459
  type: 'test'
  ...
# Subtest: 다음 턴은 종료 1초와 시작 1초를 거쳐 제한시간이 시작된다
ok 642 - 다음 턴은 종료 1초와 시작 1초를 거쳐 제한시간이 시작된다
  ---
  duration_ms: 0.471444
  type: 'test'
  ...
# Subtest: 전환 여유가 없는 기존 deadline은 즉시 ready 상태로 처리된다
ok 643 - 전환 여유가 없는 기존 deadline은 즉시 ready 상태로 처리된다
  ---
  duration_ms: 0.187663
  type: 'test'
  ...
# Subtest: 제한시간 막대는 늦게 표시돼도 absolute deadline 진행률에서 시작한다
ok 644 - 제한시간 막대는 늦게 표시돼도 absolute deadline 진행률에서 시작한다
  ---
  duration_ms: 1.99643
  type: 'test'
  ...
# Subtest: 제한시간 막대 진행률은 전체 duration 범위를 벗어나지 않는다
ok 645 - 제한시간 막대 진행률은 전체 duration 범위를 벗어나지 않는다
  ---
  duration_ms: 0.233653
  type: 'test'
  ...
# Subtest: 명시 payload를 우선하고 action id에서는 실제 epoch만 시작 시각으로 사용한다
ok 646 - 명시 payload를 우선하고 action id에서는 실제 epoch만 시작 시각으로 사용한다
  ---
  duration_ms: 0.296373
  type: 'test'
  ...
# Subtest: deadline 이후 시작된 일반 던지기는 네트워크 유예 중에도 만료로 판정한다
ok 647 - deadline 이후 시작된 일반 던지기는 네트워크 유예 중에도 만료로 판정한다
  ---
  duration_ms: 0.233701
  type: 'test'
  ...
# Subtest: deadline 직전에 시작된 요청은 네트워크 유예 동안 허용한다
ok 648 - deadline 직전에 시작된 요청은 네트워크 유예 동안 허용한다
  ---
  duration_ms: 0.457994
  type: 'test'
  ...
# Subtest: deadline 직전 요청도 네트워크 유예가 끝난 뒤 도착하면 거부한다
ok 649 - deadline 직전 요청도 네트워크 유예가 끝난 뒤 도착하면 거부한다
  ---
  duration_ms: 0.354286
  type: 'test'
  ...
# Subtest: 명시된 item prompt 시작 시각이 deadline 이후면 즉시 거부한다
ok 650 - 명시된 item prompt 시작 시각이 deadline 이후면 즉시 거부한다
  ---
  duration_ms: 0.183963
  type: 'test'
  ...
# Subtest: 시작 시각이 없는 레거시·내부 액션은 기존 reducer 검증에 맡긴다
ok 651 - 시작 시각이 없는 레거시·내부 액션은 기존 reducer 검증에 맡긴다
  ---
  duration_ms: 0.128258
  type: 'test'
  ...
# Subtest: deadline 이후 시작 시각이 기록된 일반 말 이동을 거부한다
ok 652 - deadline 이후 시작 시각이 기록된 일반 말 이동을 거부한다
  ---
  duration_ms: 1.976448
  type: 'test'
  ...
# Subtest: 시작 시각이 없는 레거시 말 이동은 기존 reducer 검증에 맡긴다
ok 653 - 시작 시각이 없는 레거시 말 이동은 기존 reducer 검증에 맡긴다
  ---
  duration_ms: 1.993501
  type: 'test'
  ...
# Subtest: deadline 이후 시작된 아이템 선택은 grace 중에도 즉시 거부한다
ok 654 - deadline 이후 시작된 아이템 선택은 grace 중에도 즉시 거부한다
  ---
  duration_ms: 0.287104
  type: 'test'
  ...
# Subtest: deadline 이후 시작된 함정 위치 선택을 거부한다
ok 655 - deadline 이후 시작된 함정 위치 선택을 거부한다
  ---
  duration_ms: 1.097146
  type: 'test'
  ...
# Subtest: deadline 이후 시작된 아이템 교체 선택을 거부한다
ok 656 - deadline 이후 시작된 아이템 교체 선택을 거부한다
  ---
  duration_ms: 0.269604
  type: 'test'
  ...
# Subtest: 현재 deadline 직전 자동 이동은 반영하면서 timeout 횟수를 증가시킨다
ok 657 - 현재 deadline 직전 자동 이동은 반영하면서 timeout 횟수를 증가시킨다
  ---
  duration_ms: 0.409641
  type: 'test'
  ...
# Subtest: 이전 deadline을 가장한 자동 입력은 거부한다
ok 658 - 이전 deadline을 가장한 자동 입력은 거부한다
  ---
  duration_ms: 0.228758
  type: 'test'
  ...
# Subtest: 일반 턴 종료는 다음 플레이어 deadline에 앞뒤 1초 버퍼를 추가한다
ok 659 - 일반 턴 종료는 다음 플레이어 deadline에 앞뒤 1초 버퍼를 추가한다
  ---
  duration_ms: 0.432864
  type: 'test'
  ...
# Subtest: 다음 플레이어는 종료 유지와 턴 시작 대기가 끝나기 전에 행동할 수 없다
ok 660 - 다음 플레이어는 종료 유지와 턴 시작 대기가 끝나기 전에 행동할 수 없다
  ---
  duration_ms: 1.369916
  type: 'test'
  ...
# Subtest: turn neighbors remain visible during the fall completion handoff gap
ok 661 - turn neighbors remain visible during the fall completion handoff gap
  ---
  duration_ms: 0.784983
  type: 'test'
  ...
# Subtest: turn neighbors stay hidden for an unrelated snapshot without active fall presentation
ok 662 - turn neighbors stay hidden for an unrelated snapshot without active fall presentation
  ---
  duration_ms: 0.14708
  type: 'test'
  ...
# Subtest: normal and active-fall visibility paths continue to render neighbors
ok 663 - normal and active-fall visibility paths continue to render neighbors
  ---
  duration_ms: 0.126605
  type: 'test'
  ...
# Subtest: turn indicator preserves the fall actor neighbor snapshot through the completion handoff
ok 664 - turn indicator preserves the fall actor neighbor snapshot through the completion handoff
  ---
  duration_ms: 1.117999
  type: 'test'
  ...
# Subtest: 순서 점수는 모부터 낙까지 확정 규칙을 따른다
ok 665 - 순서 점수는 모부터 낙까지 확정 규칙을 따른다
  ---
  duration_ms: 1.153987
  type: 'test'
  ...
# Subtest: 첫 라운드는 모든 참가자에게 같은 8초 제한시간을 준다
ok 666 - 첫 라운드는 모든 참가자에게 같은 8초 제한시간을 준다
  ---
  duration_ms: 1.774899
  type: 'test'
  ...
# Subtest: 전원이 일찍 제출하면 제한시간 전에도 즉시 집계하고 3초 뒤 공개한다
ok 667 - 전원이 일찍 제출하면 제한시간 전에도 즉시 집계하고 3초 뒤 공개한다
  ---
  duration_ms: 0.801674
  type: 'test'
  ...
# Subtest: 마지막 제출은 같은 상태 전환에서 저장과 집계를 함께 완료한다
ok 668 - 마지막 제출은 같은 상태 전환에서 저장과 집계를 함께 완료한다
  ---
  duration_ms: 0.356035
  type: 'test'
  ...
# Subtest: 일부 참가자가 미제출이면 제한시간이 지나도 결과를 집계하지 않는다
ok 669 - 일부 참가자가 미제출이면 제한시간이 지나도 결과를 집계하지 않는다
  ---
  duration_ms: 0.287655
  type: 'test'
  ...
# Subtest: 같은 결과별로 독립된 재대결 bracket을 만들고 확정 순위 구간을 보존한다
ok 670 - 같은 결과별로 독립된 재대결 bracket을 만들고 확정 순위 구간을 보존한다
  ---
  duration_ms: 0.604273
  type: 'test'
  ...
# Subtest: 재대결 라운드 활성화 시 이전 라운드 공개 시각을 초기화한다
ok 671 - 재대결 라운드 활성화 시 이전 라운드 공개 시각을 초기화한다
  ---
  duration_ms: 0.251901
  type: 'test'
  ...
# Subtest: 재대결에서 다시 동률이어도 전원 제출 직후 집계하고 해당 참가자만 다음 라운드로 반복한다
ok 672 - 재대결에서 다시 동률이어도 전원 제출 직후 집계하고 해당 참가자만 다음 라운드로 반복한다
  ---
  duration_ms: 0.367976
  type: 'test'
  ...
# Subtest: 팀전은 개인 1위 팀부터 시작해 팀별로 반드시 번갈아 배치한다
ok 673 - 팀전은 개인 1위 팀부터 시작해 팀별로 반드시 번갈아 배치한다
  ---
  duration_ms: 0.447609
  type: 'test'
  ...
# Subtest: 중복 제출과 다른 라운드 제출은 상태를 변경하지 않는다
ok 674 - 중복 제출과 다른 라운드 제출은 상태를 변경하지 않는다
  ---
  duration_ms: 0.407312
  type: 'test'
  ...
# Subtest: 순서 정하기는 타이밍 판정과 낙 확률 없이 기본 윷 확률을 사용한다
ok 675 - 순서 정하기는 타이밍 판정과 낙 확률 없이 기본 윷 확률을 사용한다
  ---
  duration_ms: 1.450369
  type: 'test'
  ...
# Subtest: 순서 정하기 윷·모 결과는 bonus 음성을 재생하지 않는다
ok 676 - 순서 정하기 윷·모 결과는 bonus 음성을 재생하지 않는다
  ---
  duration_ms: 0.236971
  type: 'test'
  ...
# Subtest: 최종 순서 확정은 door-bang 공통 효과음을 사용한다
ok 677 - 최종 순서 확정은 door-bang 공통 효과음을 사용한다
  ---
  duration_ms: 0.192043
  type: 'test'
  ...
# Subtest: 직접 제출 실패만 같은 라운드에서 재시도할 수 있도록 잠금을 해제한다
ok 678 - 직접 제출 실패만 같은 라운드에서 재시도할 수 있도록 잠금을 해제한다
  ---
  duration_ms: 0.998756
  type: 'test'
  ...
# Subtest: 자동 제출 실패 잠금은 같은 라운드에서 유지하고 다음 라운드에서만 초기화한다
ok 679 - 자동 제출 실패 잠금은 같은 라운드에서 유지하고 다음 라운드에서만 초기화한다
  ---
  duration_ms: 0.160035
  type: 'test'
  ...
# Subtest: 순서 정하기 입력은 좌석별 독립 문서에 create-only로 저장한다
ok 680 - 순서 정하기 입력은 좌석별 독립 문서에 create-only로 저장한다
  ---
  duration_ms: 1.969548
  type: 'test'
  ...
# Subtest: 순서 정하기 입력 문서는 제품·QA·운영 삭제 경로에 포함된다
ok 681 - 순서 정하기 입력 문서는 제품·QA·운영 삭제 경로에 포함된다
  ---
  duration_ms: 0.468677
  type: 'test'
  ...
# Subtest: 다른 플레이어 턴에서 내 턴으로 바뀔 때만 알림음을 재생한다
ok 682 - 다른 플레이어 턴에서 내 턴으로 바뀔 때만 알림음을 재생한다
  ---
  duration_ms: 1.043819
  type: 'test'
  ...
# Subtest: 첫 내 차례에도 행동 가능 시점에 한 번만 재생한다
ok 683 - 첫 내 차례에도 행동 가능 시점에 한 번만 재생한다
  ---
  duration_ms: 0.16475
  type: 'test'
  ...
# Subtest: 상대 플레이어 차례에는 행동 가능 상태여도 재생하지 않는다
ok 684 - 상대 플레이어 차례에는 행동 가능 상태여도 재생하지 않는다
  ---
  duration_ms: 0.122853
  type: 'test'
  ...
# Subtest: 팀전 전환은 4인과 팀별 말 2개를 같은 변경 묶음으로 만든다
ok 685 - 팀전 전환은 4인과 팀별 말 2개를 같은 변경 묶음으로 만든다
  ---
  duration_ms: 1.533684
  type: 'test'
  ...
# Subtest: 연속 옵션 변경은 최신 로컬 상태를 기준으로 실제 변경 필드만 저장한다
ok 686 - 연속 옵션 변경은 최신 로컬 상태를 기준으로 실제 변경 필드만 저장한다
  ---
  duration_ms: 0.174184
  type: 'test'
  ...
# Subtest: 팀전에서는 잘못된 인원 축소 요청을 4인으로 정규화한다
ok 687 - 팀전에서는 잘못된 인원 축소 요청을 4인으로 정규화한다
  ---
  duration_ms: 0.162854
  type: 'test'
  ...
# Subtest: local and remote roll intros are extended by one second
ok 688 - local and remote roll intros are extended by one second
  ---
  duration_ms: 0.832939
  type: 'test'
  ...
# Subtest: local landing starts moving immediately and accelerates continuously
ok 689 - local landing starts moving immediately and accelerates continuously
  ---
  duration_ms: 0.257311
  type: 'test'
  ...
# Subtest: only result-hold is a terminal live roll phase
ok 690 - only result-hold is a terminal live roll phase
  ---
  duration_ms: 0.129317
  type: 'test'
  ...
# Subtest: pending phases use the local timeline and resolved rolls use the remote timeline
ok 691 - pending phases use the local timeline and resolved rolls use the remote timeline
  ---
  duration_ms: 0.143351
  type: 'test'
  ...
# Subtest: narrow mobile scenes move the camera back without distorting the canvas aspect
ok 692 - narrow mobile scenes move the camera back without distorting the canvas aspect
  ---
  duration_ms: 0.206563
  type: 'test'
  ...
# Subtest: scene framing normalizes invalid viewport dimensions
ok 693 - scene framing normalizes invalid viewport dimensions
  ---
  duration_ms: 0.124705
  type: 'test'
  ...
# Subtest: visible mat pixel bounds map to matching Three.js ground bounds
ok 694 - visible mat pixel bounds map to matching Three.js ground bounds
  ---
  duration_ms: 0.297444
  type: 'test'
  ...
# Subtest: fall targets clear the actual mat edge and drop below its ground plane
ok 695 - fall targets clear the actual mat edge and drop below its ground plane
  ---
  duration_ms: 0.317228
  type: 'test'
  ...
# Subtest: roll animation adds one second before landing for local and remote playback
ok 696 - roll animation adds one second before landing for local and remote playback
  ---
  duration_ms: 0.845251
  type: 'test'
  ...
# Subtest: remote roll starts one second before the midpoint so the high descent remains visible
ok 697 - remote roll starts one second before the midpoint so the high descent remains visible
  ---
  duration_ms: 0.272666
  type: 'test'
  ...
# Subtest: local throw reaches an earlier and visibly higher apex before descending
ok 698 - local throw reaches an earlier and visibly higher apex before descending
  ---
  duration_ms: 0.194675
  type: 'test'
  ...
# Subtest: primary horizontal motion does not stop at the phase boundary
ok 699 - primary horizontal motion does not stop at the phase boundary
  ---
  duration_ms: 0.128929
  type: 'test'
  ...
# Subtest: landing starts immediately, accelerates into an earlier impact, and remains monotonic
ok 700 - landing starts immediately, accelerates into an earlier impact, and remains monotonic
  ---
  duration_ms: 1.048565
  type: 'test'
  ...
# Subtest: fall motion lands first, rolls across the mat, and exits only near the end
ok 701 - fall motion lands first, rolls across the mat, and exits only near the end
  ---
  duration_ms: 0.216251
  type: 'test'
  ...
# Subtest: landing dedicates more time to two visible bounces before settling exactly
ok 702 - landing dedicates more time to two visible bounces before settling exactly
  ---
  duration_ms: 0.307753
  type: 'test'
  ...
# Subtest: each stick stays below the three-turn rotation cap
ok 703 - each stick stays below the three-turn rotation cap
  ---
  duration_ms: 0.120185
  type: 'test'
  ...
# Subtest: camera framing raises the look target so the taller apex stays visible
ok 704 - camera framing raises the look target so the taller apex stays visible
  ---
  duration_ms: 0.379473
  type: 'test'
  ...
1..704
# tests 706
# suites 1
# pass 706
# fail 0
# cancelled 0
# skipped 0
# todo 0
# duration_ms 12185.457515
